Date,Account,Category,Subcategory,Note,INR,Income/Expense,Note.1,Amount,Currency,Account.1
3/2/2022 10:11,CUB - online payment,Food,,Brownie,50.0,Expense,,50.0,INR,50.0
3/2/2022 10:11,CUB - online payment,Other,,To lended people,300.0,Expense,,300.0,INR,300.0
3/1/2022 19:50,CUB - online payment,Food,,Dinner,78.0,Expense,,78.0,INR,78.0
3/1/2022 18:56,CUB - online payment,Transportation,,Metro,30.0,Expense,,30.0,INR,30.0
3/1/2022 18:22,CUB - online payment,Food,,Snacks,67.0,Expense,,67.0,INR,67.0
3/1/2022 18:22,CUB - online payment,Other,,From vicky,100.0,Income,,100.0,INR,100.0
3/1/2022 18:21,CUB - online payment,Other,,From dad,500.0,Income,,500.0,INR,500.0
2/28/2022 11:56,CUB - online payment,Food,,Pizza,339.15,Expense,,339.15,INR,339.15
2/28/2022 11:45,CUB - online payment,Other,,From kumara,200.0,Income,,200.0,INR,200.0
2/27/2022 15:29,CUB - online payment,Food,,Lunch,243.0,Expense,,243.0,INR,243.0
2/26/2022 20:16,CUB - online payment,Food,,,25.0,Expense,,25.0,INR,25.0
2/26/2022 17:37,CUB - online payment,Other,,From dad,1500.0,Income,,1500.0,INR,1500.0
2/26/2022 17:37,CUB - online payment,Other,,To karthi,100.0,Expense,,100.0,INR,100.0
2/26/2022 16:01,CUB - online payment,Social Life,,,1700.0,Expense,,1700.0,INR,1700.0
2/26/2022 14:07,CUB - online payment,Food,,Snacks,40.0,Expense,,40.0,INR,40.0
2/26/2022 1:39,CUB - online payment,Food,,Tea lights,84.0,Expense,,84.0,INR,84.0
2/25/2022 12:08,CUB - online payment,Food,,,33.0,Expense,,33.0,INR,33.0
2/24/2022 22:32,CUB - online payment,Household,,,303.0,Expense,,303.0,INR,303.0
2/24/2022 22:21,CUB - online payment,Food,,Creamstone,289.0,Expense,,289.0,INR,289.0
2/24/2022 19:15,CUB - online payment,Food,,Tamen,324.7,Expense,,324.7,INR,324.7
2/23/2022 17:35,CUB - online payment,Apparel,,Hoodie for gobi,399.0,Expense,,399.0,INR,399.0
2/23/2022 16:06,CUB - online payment,Food,,Eggs,83.0,Expense,,83.0,INR,83.0
2/23/2022 12:38,CUB - online payment,Apparel,,Earphone,399.0,Expense,,399.0,INR,399.0
2/22/2022 6:33,CUB - online payment,Transportation,,Auto to laxmi mills,120.0,Expense,,120.0,INR,120.0
2/21/2022 22:15,CUB - online payment,Transportation,,It better be worth it,1300.0,Expense,,1300.0,INR,1300.0
2/21/2022 16:06,CUB - online payment,Transportation,,Travel to koyambedu,138.0,Expense,,138.0,INR,138.0
2/21/2022 15:40,CUB - online payment,Household,,Stuffs,336.0,Expense,,336.0,INR,336.0
2/21/2022 15:38,CUB - online payment,Transportation,,Train cbe to chn,201.8,Expense,,201.8,INR,201.8
2/20/2022 15:24,CUB - online payment,Food,,Lunch,200.0,Expense,,200.0,INR,200.0
2/19/2022 23:03,CUB - online payment,Food,,Random stuff for drinks,111.0,Expense,,111.0,INR,111.0
2/19/2022 21:57,CUB - online payment,Food,,Snacks,250.0,Expense,,250.0,INR,250.0
2/19/2022 21:35,CUB - online payment,Transportation,,Bus ticket,1575.0,Expense,,1575.0,INR,1575.0
2/19/2022 20:45,CUB - online payment,Transportation,,Took from sbi,200.0,Expense,,200.0,INR,200.0
2/19/2022 20:45,CUB - online payment,Food,,Ramen with gobi,380.0,Expense,,380.0,INR,380.0
2/19/2022 8:26,CUB - online payment,Transportation,,Metro,60.0,Expense,,60.0,INR,60.0
2/19/2022 6:27,CUB - online payment,Other,,To auto anna,50.0,Expense,,50.0,INR,50.0
2/19/2022 6:18,CUB - online payment,Transportation,,To egmore,270.0,Expense,,270.0,INR,270.0
2/18/2022 23:01,CUB - online payment,Food,,Kfc dinner,348.0,Expense,,348.0,INR,348.0
2/17/2022 13:11,CUB - online payment,Food,,Lunch,80.0,Expense,,80.0,INR,80.0
2/16/2022 16:57,CUB - online payment,Food,,Side dishes,165.0,Expense,,165.0,INR,165.0
2/16/2022 16:57,CUB - online payment,Food,,Kfc ,475.0,Expense,,475.0,INR,475.0
2/13/2022 21:54,CUB - online payment,Social Life,,Games ,100.0,Expense,,100.0,INR,100.0
2/12/2022 21:20,CUB - online payment,Food,,Dinner with aravind and buddies,491.0,Expense,,491.0,INR,491.0
2/12/2022 16:04,CUB - online payment,Household,,Mirror,70.0,Expense,,70.0,INR,70.0
2/12/2022 14:48,CUB - online payment,Food,,Lunch,80.0,Expense,,80.0,INR,80.0
2/12/2022 14:47,CUB - online payment,Other,,From dad,10000.0,Income,,10000.0,INR,10000.0
2/11/2022 22:41,CUB - online payment,Food,,Dinner with aravind,373.0,Expense,,373.0,INR,373.0
2/10/2022 20:15,CUB - online payment,Food,,Kfc dinner,641.0,Expense,,641.0,INR,641.0
2/8/2022 10:37,CUB - online payment,Other,,From dad,1000.0,Income,,1000.0,INR,1000.0
2/8/2022 9:18,CUB - online payment,Household,,Bean bag,2099.0,Expense,,2099.0,INR,2099.0
2/7/2022 7:08,CUB - online payment,Transportation,,Auto to Gobi's place,214.0,Expense,,214.0,INR,214.0
2/6/2022 18:32,CUB - online payment,Food,,Cakepark,125.0,Expense,,125.0,INR,125.0
2/6/2022 17:53,CUB - online payment,Food,,To kumara,150.0,Expense,,150.0,INR,150.0
2/6/2022 17:52,CUB - online payment,Transportation,,To chennai,1000.0,Expense,,1000.0,INR,1000.0
2/6/2022 16:41,CUB - online payment,Other,,Salary from dad,5000.0,Income,,5000.0,INR,5000.0
2/6/2022 16:40,CUB - online payment,Other,,To gobi,1500.0,Expense,,1500.0,INR,1500.0
2/4/2022 20:28,CUB - online payment,Food,,Shawarma,80.0,Expense,,80.0,INR,80.0
2/3/2022 14:53,CUB - online payment,Food,,Good soup,50.0,Expense,,50.0,INR,50.0
2/3/2022 8:59,CUB - online payment,Other,,To gowdham,150.0,Expense,,150.0,INR,150.0
2/2/2022 20:15,CUB - online payment,Food,,Parotta,120.0,Expense,,120.0,INR,120.0
2/2/2022 20:14,CUB - online payment,Other,,From dad,500.0,Income,,500.0,INR,500.0
1/31/2022 8:44,CUB - online payment,Transportation,,Vnr to apk,50.0,Expense,,50.0,INR,50.0
1/31/2022 8:27,CUB - online payment,Other,,To vicky,200.0,Expense,,200.0,INR,200.0
1/31/2022 8:26,CUB - online payment,Transportation,,To ksr station,153.0,Expense,,153.0,INR,153.0
1/30/2022 19:17,CUB - online payment,Food,,Dinner,155.0,Expense,,155.0,INR,155.0
1/30/2022 19:01,CUB - online payment,Food,,Cycle gap ,120.0,Expense,,120.0,INR,120.0
1/30/2022 12:28,CUB - online payment,Food,,Brunch,105.0,Expense,,105.0,INR,105.0
1/29/2022 21:56,CUB - online payment,Transportation,,Rapido to pg,44.0,Expense,,44.0,INR,44.0
1/29/2022 14:44,CUB - online payment,Other,,Sent to barath,100.0,Expense,,100.0,INR,100.0
1/28/2022 21:58,CUB - online payment,Food,,Banana,10.0,Expense,,10.0,INR,10.0
1/28/2022 14:23,CUB - online payment,Food,,Lunch with company,138.0,Expense,,138.0,INR,138.0
1/27/2022 21:25,CUB - online payment,Transportation,,Rapido to pg,43.0,Expense,,43.0,INR,43.0
1/27/2022 13:41,CUB - online payment,Other,,To vicky,300.0,Expense,,300.0,INR,300.0
1/27/2022 13:41,CUB - online payment,Other,,To vishnu,100.0,Expense,,100.0,INR,100.0
1/27/2022 13:39,CUB - online payment,Food,,Zinger box meal,279.0,Expense,,279.0,INR,279.0
1/27/2022 13:38,CUB - online payment,Other,,From vicky,300.0,Income,,300.0,INR,300.0
1/27/2022 13:38,CUB - online payment,Other,,From dad,1500.0,Income,,1500.0,INR,1500.0
1/26/2022 17:45,CUB - online payment,Food,,Snacks,115.0,Expense,,115.0,INR,115.0
1/26/2022 17:45,CUB - online payment,Other,,Vishnu 100 gowdham 25,125.0,Income,,125.0,INR,125.0
1/26/2022 16:52,CUB - online payment,Food,,Paani poori,25.0,Expense,,25.0,INR,25.0
1/25/2022 13:35,CUB - online payment,Food,,Kfc date with myself,259.0,Expense,,259.0,INR,259.0
1/25/2022 10:23,CUB - online payment,Food,,Lemon tea,18.0,Expense,,18.0,INR,18.0
1/25/2022 9:20,CUB - online payment,Transportation,,Train to vnr,325.0,Expense,,325.0,INR,325.0
1/24/2022 20:17,CUB - online payment,Food,,Snack,40.0,Expense,,40.0,INR,40.0
1/24/2022 14:08,CUB - online payment,Food,,Lunch with company,133.0,Expense,,133.0,INR,133.0
1/23/2022 21:45,CUB - online payment,Food,,Pepsi,40.0,Expense,,40.0,INR,40.0
1/23/2022 21:41,CUB - online payment,Food,,Dinner,465.0,Expense,,465.0,INR,465.0
1/23/2022 21:29,CUB - online payment,Food,,Sent to vicky,300.0,Expense,,300.0,INR,300.0
1/23/2022 21:29,CUB - online payment,Food,,Lunch,302.0,Expense,,302.0,INR,302.0
1/23/2022 21:29,CUB - online payment,Other,,From vicky,310.0,Income,,310.0,INR,310.0
1/23/2022 21:27,CUB - online payment,Food,,Snacks with preethi and azar,176.0,Expense,,176.0,INR,176.0
1/23/2022 21:27,CUB - online payment,Social Life,,Badminton,200.0,Expense,,200.0,INR,200.0
1/23/2022 21:27,CUB - online payment,Other,,From dad,2000.0,Income,,2000.0,INR,2000.0
1/21/2022 14:22,CUB - online payment,Food,,Lunch with company,188.0,Expense,,188.0,INR,188.0
1/21/2022 11:47,CUB - online payment,Food,,Snacks,37.0,Expense,,37.0,INR,37.0
1/21/2022 11:47,CUB - online payment,Other,,From vicky,200.0,Income,,200.0,INR,200.0
1/19/2022 14:27,CUB - online payment,Food,,Lunch + chocolate for preethi,171.0,Expense,,171.0,INR,171.0
1/18/2022 20:54,CUB - online payment,Food,,Dinner,301.15,Expense,,301.15,INR,301.15
1/18/2022 17:10,CUB - online payment,Food,,Snack with preethi,59.0,Expense,,59.0,INR,59.0
1/18/2022 13:51,CUB - online payment,Food,,Lunch with company,148.0,Expense,,148.0,INR,148.0
1/18/2022 12:59,CUB - online payment,Other,,To kumara,200.0,Expense,,200.0,INR,200.0
1/18/2022 12:59,CUB - online payment,Other,,From dad,1000.0,Income,,1000.0,INR,1000.0
1/17/2022 18:31,CUB - online payment,Food,,Eve snack,100.0,Expense,,100.0,INR,100.0
1/15/2022 21:17,CUB - online payment,Transportation,,Bus to Bangalore,1365.0,Expense,,1365.0,INR,1365.0
1/15/2022 21:16,CUB - online payment,Other,,From dad,1500.0,Income,,1500.0,INR,1500.0
1/15/2022 21:16,CUB - online payment,Food,,Snacks,70.0,Expense,,70.0,INR,70.0
1/14/2022 16:58,CUB - online payment,Other,,Kumara,170.0,Income,,170.0,INR,170.0
1/14/2022 16:56,CUB - online payment,Other,,Siva + 100 cash,70.0,Income,,70.0,INR,70.0
1/14/2022 16:56,CUB - online payment,Other,,Gundan + prasanna,340.0,Income,,340.0,INR,340.0
1/14/2022 16:55,CUB - online payment,Other,,Dinesh and maddy + 100 cash,240.0,Income,,240.0,INR,240.0
1/14/2022 16:54,CUB - online payment,Other,,From gowdham,340.0,Income,,340.0,INR,340.0
1/14/2022 16:54,CUB - online payment,Food,,Lunch pongal,1530.0,Expense,,1530.0,INR,1530.0
1/13/2022 20:46,CUB - online payment,Food,,Dinner,66.0,Expense,,66.0,INR,66.0
1/13/2022 19:10,CUB - online payment,Other,,From dad,1000.0,Income,,1000.0,INR,1000.0
1/13/2022 17:47,CUB - online payment,Transportation,,Rapido to pg,43.0,Expense,,43.0,INR,43.0
1/12/2022 22:44,CUB - online payment,Other,,Recharge by gowdham,479.0,Expense,,479.0,INR,479.0
1/12/2022 13:25,CUB - online payment,Food,,Pizza,301.75,Expense,,301.75,INR,301.75
1/12/2022 13:25,CUB - online payment,Other,,From kumara,200.0,Income,,200.0,INR,200.0
1/11/2022 14:07,CUB - online payment,Food,,Lunch with not preethi,135.5,Expense,,135.5,INR,135.5
1/10/2022 14:04,CUB - online payment,Food,,Friday snacks with preethi gang,106.0,Expense,,106.0,INR,106.0
1/8/2022 13:46,CUB - online payment,Other,,From gowdham,260.0,Income,,260.0,INR,260.0
1/8/2022 13:45,CUB - online payment,Food,,Lunch with gowdham,535.3,Expense,,535.3,INR,535.3
1/8/2022 13:38,CUB - online payment,Household,,Rent,4580.0,Expense,,4580.0,INR,4580.0
1/7/2022 13:51,CUB - online payment,Food,,Coffee + biscuit,15.0,Expense,,15.0,INR,15.0
1/6/2022 21:30,CUB - online payment,Other,,From barath and shakur,440.0,Income,,440.0,INR,440.0
1/6/2022 20:58,CUB - online payment,Food,,Ketch up,20.0,Expense,,20.0,INR,20.0
1/6/2022 20:13,CUB - online payment,Food,,Dinner with roommate,877.81,Expense,,877.81,INR,877.81
1/6/2022 14:22,CUB - online payment,Food,,Bingo,10.0,Expense,,10.0,INR,10.0
1/6/2022 11:48,CUB - online payment,Transportation,,Rapido to pg,42.0,Expense,,42.0,INR,42.0
1/5/2022 20:23,CUB - online payment,Food,,McDonald's with company,211.0,Expense,,211.0,INR,211.0
1/5/2022 14:46,CUB - online payment,Other,,Lended money returned to vishnu,40.0,Expense,,40.0,INR,40.0
1/5/2022 14:42,CUB - online payment,Other,,Lended money returned to kumara,30.0,Expense,,30.0,INR,30.0
1/5/2022 14:42,CUB - online payment,Food,,Jan 2nd with shakur and barath,354.0,Expense,,354.0,INR,354.0
1/5/2022 14:39,CUB - online payment,Other,,To gobi 1st 1/4th,500.0,Expense,,500.0,INR,500.0
1/5/2022 14:37,CUB - online payment,Other,,To abijith and to vicky lend money returned,500.0,Expense,,500.0,INR,500.0
1/5/2022 14:35,CUB - online payment,Transportation,,Refund for bus ticket,60.0,Expense,,60.0,INR,60.0
1/5/2022 14:30,CUB - online payment,Food,,Lunch with company,388.0,Expense,,388.0,INR,388.0
1/4/2022 22:11,CUB - online payment,Education,,Arrear and reval fee,1400.0,Expense,,1400.0,INR,1400.0
1/4/2022 22:10,CUB - online payment,Salary,,Salary,8000.0,Income,,8000.0,INR,8000.0
1/4/2022 13:53,CUB - online payment,Food,,Lunch with company,106.0,Expense,,106.0,INR,106.0
1/4/2022 8:01,CUB - online payment,Other,,To vicky,80.0,Expense,,80.0,INR,80.0
1/4/2022 7:58,CUB - online payment,Food,,Sent to preethi,107.0,Expense,,107.0,INR,107.0
1/3/2022 22:15,CUB - online payment,Food,,Dairy milk,10.0,Expense,,10.0,INR,10.0
1/3/2022 21:54,CUB - online payment,Other,,From barath,201.0,Income,,201.0,INR,201.0
1/3/2022 21:12,CUB - online payment,Other,,From gpay,5.0,Income,,5.0,INR,5.0
1/3/2022 21:11,CUB - online payment,Other,,From shakur,140.0,Income,,140.0,INR,140.0
1/3/2022 14:31,CUB - online payment,Food,,Lunch unlimited nv,300.0,Expense,,300.0,INR,300.0
1/3/2022 14:30,CUB - online payment,Other,,From abi,300.0,Income,,300.0,INR,300.0
1/2/2022 20:33,CUB - online payment,Other,,Tablet to gowdham,8.0,Expense,,8.0,INR,8.0
1/2/2022 20:32,CUB - online payment,Food,,Dinner with barath,200.0,Expense,,200.0,INR,200.0
1/2/2022 14:16,CUB - online payment,Transportation,,Train to vnr,725.0,Expense,,725.0,INR,725.0
1/1/2022 21:46,CUB - online payment,Food,,Snacks,85.0,Expense,,85.0,INR,85.0
1/1/2022 21:45,CUB - online payment,Allowance,,From dad,1000.0,Income,,1000.0,INR,1000.0
12/30/2021 14:10,CUB - online payment,Food,,To barath,20.0,Expense,,20.0,INR,20.0
12/30/2021 13:56,CUB - online payment,Transportation,,Pg to office,43.0,Expense,,43.0,INR,43.0
12/30/2021 13:36,CUB - online payment,Other,,From kumara,30.0,Income,,30.0,INR,30.0
12/30/2021 12:43,CUB - online payment,Food,,Horlicks + kolakattai,25.0,Expense,,25.0,INR,25.0
12/30/2021 12:38,CUB - online payment,Transportation,,Bommasandra to pg,199.0,Expense,,199.0,INR,199.0
12/30/2021 12:37,CUB - online payment,Other,,From Deepak,250.0,Income,,250.0,INR,250.0
12/30/2021 11:45,CUB - online payment,Food,,Water,20.0,Expense,,20.0,INR,20.0
12/30/2021 11:45,CUB - online payment,Other,,From abi,20.0,Income,,20.0,INR,20.0
12/30/2021 11:45,CUB - online payment,Transportation,,Rapido + toll,286.0,Expense,,286.0,INR,286.0
12/30/2021 11:44,CUB - online payment,Other,,From Deepak,250.0,Income,,250.0,INR,250.0
12/28/2021 13:42,CUB - online payment,Food,,Coffee and thattai,14.0,Expense,,14.0,INR,14.0
12/27/2021 13:45,CUB - online payment,Food,,Lunch with barath,115.0,Expense,,115.0,INR,115.0
12/27/2021 13:44,CUB - online payment,Other,,From vicky,80.0,Income,,80.0,INR,80.0
12/27/2021 12:33,CUB - online payment,Other,,From ganesan,40.0,Income,,40.0,INR,40.0
12/27/2021 12:33,CUB - online payment,Food,,Coconut water with stu,50.0,Expense,,50.0,INR,50.0
12/25/2021 22:53,CUB - online payment,Food,,Dinner with barath,504.0,Expense,,504.0,INR,504.0
12/25/2021 20:46,CUB - online payment,Transportation,,Cab,306.0,Expense,,306.0,INR,306.0
12/25/2021 19:50,CUB - online payment,Self-development,,Books,400.0,Expense,,400.0,INR,400.0
12/25/2021 17:01,CUB - online payment,Food,,Corn,30.0,Expense,,30.0,INR,30.0
12/25/2021 15:35,CUB - online payment,Food,,Water,30.0,Expense,,30.0,INR,30.0
12/25/2021 13:32,CUB - online payment,Food,,Milk with bharath,40.0,Expense,,40.0,INR,40.0
12/24/2021 21:49,CUB - online payment,Social Life,,Beer,150.0,Expense,,150.0,INR,150.0
12/24/2021 14:35,CUB - online payment,Food,,Lunch with company,262.0,Expense,,262.0,INR,262.0
12/23/2021 16:31,CUB - online payment,Food,,Lemon tea with company,15.0,Expense,,15.0,INR,15.0
12/23/2021 13:51,CUB - online payment,Food,,Puffs and coffee,32.0,Expense,,32.0,INR,32.0
12/21/2021 20:53,CUB - online payment,Food,,Dinner with barath,239.0,Expense,,239.0,INR,239.0
12/21/2021 14:02,CUB - online payment,Food,,Puffs,25.0,Expense,,25.0,INR,25.0
12/21/2021 11:43,CUB - online payment,Food,,Bun,18.0,Expense,,18.0,INR,18.0
12/20/2021 19:23,CUB - online payment,Food,,Milk with bharath,80.0,Expense,,80.0,INR,80.0
12/20/2021 19:22,CUB - online payment,Transportation,,Taxi,80.0,Expense,,80.0,INR,80.0
12/20/2021 16:55,CUB - online payment,Food,,Snacks,20.0,Expense,,20.0,INR,20.0
12/20/2021 15:29,CUB - online payment,Food,,Water,20.0,Expense,,20.0,INR,20.0
12/20/2021 13:35,CUB - online payment,Food,,Lunch with barath,85.0,Expense,,85.0,INR,85.0
12/20/2021 9:46,CUB - online payment,Food,,Milk with bharath,40.0,Expense,,40.0,INR,40.0
12/19/2021 15:51,CUB - online payment,Other,,To siva,100.0,Expense,,100.0,INR,100.0
12/18/2021 21:01,CUB - online payment,Other,,To kumara,100.0,Expense,,100.0,INR,100.0
12/18/2021 21:01,CUB - online payment,Other,,To abijith,200.0,Expense,,200.0,INR,200.0
12/18/2021 21:00,CUB - online payment,Food,,To rahul,113.0,Expense,,113.0,INR,113.0
12/18/2021 21:00,CUB - online payment,Allowance,,From dad,1000.0,Income,,1000.0,INR,1000.0
12/18/2021 19:52,CUB - online payment,Other,,Lended money,400.0,Income,,400.0,INR,400.0
12/18/2021 19:51,CUB - online payment,Social Life,,Spiderman ,363.72,Expense,,363.72,INR,363.72
12/18/2021 14:19,CUB - online payment,Food,,Lunch,160.0,Expense,,160.0,INR,160.0
12/17/2021 18:54,CUB - online payment,Food,,Milk with bharath,70.0,Expense,,70.0,INR,70.0
12/17/2021 14:45,CUB - online payment,Food,,Lunch with company,110.0,Expense,,110.0,INR,110.0
12/17/2021 8:35,CUB - online payment,Other,,Gave to gowdham,50.0,Expense,,50.0,INR,50.0
12/16/2021 18:44,CUB - online payment,Food,,Egg,30.0,Expense,,30.0,INR,30.0
12/16/2021 18:35,CUB - online payment,Food,,Panipoori,20.0,Expense,,20.0,INR,20.0
12/16/2021 13:38,CUB - online payment,Food,,Lunch,30.0,Expense,,30.0,INR,30.0
12/16/2021 10:42,CUB - online payment,Food,,Milk with bharath,110.0,Expense,,110.0,INR,110.0
12/14/2021 23:54,CUB - online payment,Food,,Lunch,40.0,Expense,,40.0,INR,40.0
12/14/2021 21:21,CUB - online payment,Food,,Snacks,75.0,Expense,,75.0,INR,75.0
12/14/2021 21:03,CUB - online payment,Food,,Panipoori,80.0,Expense,,80.0,INR,80.0
12/14/2021 15:18,CUB - online payment,Food,,Snacks,74.0,Expense,,74.0,INR,74.0
12/14/2021 10:33,CUB - online payment,Food,,Milk with bharath,65.0,Expense,,65.0,INR,65.0
12/12/2021 21:47,CUB - online payment,Food,,Milk with bharath,25.0,Expense,,25.0,INR,25.0
12/11/2021 9:22,CUB - online payment,Allowance,,From dad,1000.0,Income,,1000.0,INR,1000.0
12/11/2021 8:20,CUB - online payment,Other,,From stu,240.0,Income,,240.0,INR,240.0
12/10/2021 21:38,CUB - online payment,Food,,Shopping,241.0,Expense,,241.0,INR,241.0
12/10/2021 20:55,CUB - online payment,Food,,Momos,195.0,Expense,,195.0,INR,195.0
12/9/2021 20:03,CUB - online payment,Food,,Snack with bharath,40.0,Expense,,40.0,INR,40.0
12/9/2021 14:01,CUB - online payment,Food,,Lunch with company,280.0,Expense,,280.0,INR,280.0
12/9/2021 9:56,CUB - online payment,Food,,Milk with bharath,25.0,Expense,,25.0,INR,25.0
12/9/2021 8:47,CUB - online payment,Food,,Breakfast with stu,110.0,Expense,,110.0,INR,110.0
12/8/2021 14:15,CUB - online payment,Food,,Lunch with stu,100.0,Expense,,100.0,INR,100.0
12/8/2021 14:15,Cash,Food,,5 star,1120.72,Expense,,15.0,USD,15.0
12/8/2021 7:17,CUB - online payment,Food,,Milk,10.0,Expense,,10.0,INR,10.0
12/7/2021 9:54,CUB - online payment,Food,,Milk with bharath,25.0,Expense,,25.0,INR,25.0
12/7/2021 7:59,CUB - online payment,Food,,Horlicks,15.0,Expense,,15.0,INR,15.0
12/6/2021 21:59,CUB - online payment,Food,,Milk with bharath,25.0,Expense,,25.0,INR,25.0
12/6/2021 20:07,CUB - online payment,Apparel,,Shoe,500.0,Expense,,500.0,INR,500.0
12/6/2021 19:57,CUB - online payment,Apparel,,Cap,140.0,Expense,,140.0,INR,140.0
12/6/2021 14:08,CUB - online payment,Food,,Lunch with stu,150.0,Expense,,150.0,INR,150.0
12/5/2021 19:45,CUB - online payment,Food,,Milk with bharath,25.0,Expense,,25.0,INR,25.0
12/5/2021 18:41,CUB - online payment,Apparel,,Full hand and a hoodie,1800.0,Expense,,1800.0,INR,1800.0
12/5/2021 12:23,CUB - online payment,Household,,Rent,4800.0,Expense,,4800.0,INR,4800.0
12/5/2021 12:23,CUB - online payment,Allowance,,From dad,8000.0,Income,,8000.0,INR,8000.0
12/4/2021 21:05,CUB - online payment,Food,,Dinner,324.0,Expense,,324.0,INR,324.0
12/4/2021 20:20,CUB - online payment,Food,,Snack,65.0,Expense,,65.0,INR,65.0
12/4/2021 13:54,CUB - online payment,Other,,For company,30.0,Expense,,30.0,INR,30.0
12/4/2021 10:13,CUB - online payment,Food,,Breakfast,200.0,Expense,,200.0,INR,200.0
12/3/2021 21:59,CUB - online payment,Food,,Milk with bharath,25.0,Expense,,25.0,INR,25.0
12/3/2021 21:59,CUB - online payment,Apparel,,Belt,130.0,Expense,,130.0,INR,130.0
12/3/2021 21:28,CUB - online payment,Apparel,,Mask,20.0,Expense,,20.0,INR,20.0
12/3/2021 21:28,CUB - online payment,Food,,Snack,40.0,Expense,,40.0,INR,40.0
12/3/2021 21:28,CUB - online payment,Allowance,,From dad,1000.0,Income,,1000.0,INR,1000.0
12/2/2021 20:07,CUB - online payment,Food,,Ice cream,504.0,Expense,,504.0,INR,504.0
12/2/2021 19:48,CUB - online payment,Food,,Vadapaav,75.0,Expense,,75.0,INR,75.0
12/1/2021 19:57,CUB - online payment,Beauty,,Showergel,196.0,Expense,,196.0,INR,196.0
12/1/2021 14:00,CUB - online payment,Food,,Lunch with company,160.0,Expense,,160.0,INR,160.0
11/30/2021 14:24,CUB - online payment,Gift,,Bharath birthday,115.0,Expense,,115.0,INR,115.0
11/30/2021 14:17,CUB - online payment,Food,,Lunch with company,128.0,Expense,,128.0,INR,128.0
11/30/2021 10:11,CUB - online payment,Food,,Breakfast,70.0,Expense,,70.0,INR,70.0
11/29/2021 20:47,CUB - online payment,Food,,Lunch with company,40.0,Expense,,40.0,INR,40.0
11/29/2021 20:47,CUB - online payment,Food,,Dinner,50.0,Expense,,50.0,INR,50.0
11/29/2021 20:09,CUB - online payment,Food,,Panipoori,40.0,Expense,,40.0,INR,40.0
11/29/2021 9:29,CUB - online payment,Food,,Breakfast,40.0,Expense,,40.0,INR,40.0
11/28/2021 19:59,CUB - online payment,Food,,Snack,94.0,Expense,,94.0,INR,94.0
11/28/2021 13:10,CUB - online payment,Food,,Zomato,269.4,Expense,,269.4,INR,269.4
11/27/2021 23:14,CUB - online payment,Food,,Dinner with gowdham,120.0,Expense,,120.0,INR,120.0
11/27/2021 22:34,CUB - online payment,Food,,Dinner with gowdham,130.0,Expense,,130.0,INR,130.0
11/27/2021 18:41,CUB - online payment,Transportation,,Rapido,35.0,Expense,,35.0,INR,35.0
11/27/2021 13:46,CUB - online payment,Food,,Lunch with company,75.0,Expense,,75.0,INR,75.0
11/27/2021 13:46,CUB - online payment,Allowance,,From dad,2000.0,Income,,2000.0,INR,2000.0
11/27/2021 9:33,CUB - online payment,Food,,Breakfast,30.0,Expense,,30.0,INR,30.0
11/26/2021 21:56,CUB - online payment,Food,,Beer,150.0,Expense,,150.0,INR,150.0
11/26/2021 20:57,CUB - online payment,Food,,Snack,102.0,Expense,,102.0,INR,102.0
11/26/2021 20:15,CUB - online payment,Food,,Panipoori,40.0,Expense,,40.0,INR,40.0
11/26/2021 14:14,CUB - online payment,Petty cash,,Cashback,3.0,Income,,3.0,INR,3.0
11/26/2021 14:14,CUB - online payment,Food,,Lunch with company,150.0,Expense,,150.0,INR,150.0
11/26/2021 9:22,CUB - online payment,Food,,Breakfast,60.0,Expense,,60.0,INR,60.0
11/25/2021 20:27,CUB - online payment,Food,,Lunch with company,145.0,Expense,,145.0,INR,145.0
11/25/2021 20:27,CUB - online payment,Transportation,,Rapido,58.0,Expense,,58.0,INR,58.0
11/25/2021 20:27,CUB - online payment,Food,,Dinner,95.0,Expense,,95.0,INR,95.0
11/24/2021 19:26,CUB - online payment,Food,,Snack,15.0,Expense,,15.0,INR,15.0
11/24/2021 19:23,CUB - online payment,Food,,Dinner,70.0,Expense,,70.0,INR,70.0
11/24/2021 19:06,CUB - online payment,Food,,Panipoori,20.0,Expense,,20.0,INR,20.0
11/24/2021 19:06,CUB - online payment,Transportation,,Rapido,58.0,Expense,,58.0,INR,58.0
11/23/2021 22:53,CUB - online payment,Transportation,,Rapido,50.0,Expense,,50.0,INR,50.0
11/23/2021 22:53,CUB - online payment,Food,,Dinner,179.0,Expense,,179.0,INR,179.0
11/22/2021 14:16,CUB - online payment,Food,,Dinner,90.0,Expense,,90.0,INR,90.0
11/22/2021 14:16,CUB - online payment,Food,,Lunch with company,97.0,Expense,,97.0,INR,97.0
11/21/2021 17:07,CUB - online payment,Transportation,,Rapido,130.0,Expense,,130.0,INR,130.0
11/21/2021 15:50,CUB - online payment,Food,,Lunch,875.0,Expense,,875.0,INR,875.0
11/21/2021 13:30,CUB - online payment,Other,,Got from gobi,2000.0,Income,,2000.0,INR,2000.0
04/19/2022 00:00,SBI - credit card,Shopping,,Dinner,6518.91,Income,,6518.91,INR,6518.91
09/05/2022 00:00,HDFC - savings,Food,,Groceries,7708.57,Income,,7708.57,INR,7708.57
10/31/2022 00:00,CUB - online payment,Transportation,,Groceries,574.45,Expense,,574.45,INR,574.45
06/14/2022 00:00,HDFC - savings,Shopping,,Dinner,7531.87,Income,,7531.87,INR,7531.87
09/15/2022 00:00,SBI - credit card,Entertainment,,Metro,6524.41,Income,,6524.41,INR,6524.41
02/20/2022 00:00,SBI - credit card,Entertainment,,Metro,9077.14,Expense,,9077.14,INR,9077.14
01/24/2022 00:00,CUB - online payment,Food,,Dinner,9880.87,Income,,9880.87,INR,9880.87
10/27/2022 00:00,SBI - credit card,Bills,,Metro,7718.68,Income,,7718.68,INR,7718.68
02/18/2022 00:00,CUB - online payment,Entertainment,,Snacks,1107.33,Expense,,1107.33,INR,1107.33
03/27/2022 00:00,HDFC - savings,Transportation,,Movie,4559.13,Expense,,4559.13,INR,4559.13
09/01/2022 00:00,SBI - credit card,Shopping,,Snacks,2787.48,Income,,2787.48,INR,2787.48
12/08/2022 00:00,HDFC - savings,Shopping,,Snacks,2614.8,Expense,,2614.8,INR,2614.8
04/05/2022 00:00,SBI - credit card,Shopping,,Snacks,4514.41,Expense,,4514.41,INR,4514.41
05/18/2022 00:00,CUB - online payment,Transportation,,Snacks,3139.15,Income,,3139.15,INR,3139.15
05/28/2022 00:00,CUB - online payment,Shopping,,Snacks,7213.47,Income,,7213.47,INR,7213.47
07/26/2022 00:00,CUB - online payment,Transportation,,Electricity,3749.08,Expense,,3749.08,INR,3749.08
07/17/2022 00:00,HDFC - savings,Bills,,Groceries,2598.68,Expense,,2598.68,INR,2598.68
03/03/2022 00:00,HDFC - savings,Entertainment,,Movie,6350.5,Income,,6350.5,INR,6350.5
09/02/2022 00:00,HDFC - savings,Transportation,,Electricity,8039.46,Income,,8039.46,INR,8039.46
03/18/2022 00:00,CUB - online payment,Other,,Metro,3538.19,Expense,,3538.19,INR,3538.19
03/11/2022 00:00,HDFC - savings,Entertainment,,Groceries,6714.32,Expense,,6714.32,INR,6714.32
08/10/2022 00:00,HDFC - savings,Food,,Groceries,4184.85,Income,,4184.85,INR,4184.85
12/11/2022 00:00,HDFC - savings,Food,,Groceries,8555.8,Income,,8555.8,INR,8555.8
03/29/2022 00:00,HDFC - savings,Other,,Groceries,7080.67,Income,,7080.67,INR,7080.67
05/03/2022 00:00,CUB - online payment,Bills,,Groceries,8218.79,Expense,,8218.79,INR,8218.79
12/19/2022 00:00,SBI - credit card,Transportation,,Metro,3241.28,Expense,,3241.28,INR,3241.28
03/02/2022 00:00,HDFC - savings,Food,,Dinner,9844.85,Income,,9844.85,INR,9844.85
02/28/2022 00:00,SBI - credit card,Shopping,,Snacks,7329.91,Income,,7329.91,INR,7329.91
07/28/2022 00:00,HDFC - savings,Transportation,,Groceries,8847.64,Expense,,8847.64,INR,8847.64
09/11/2022 00:00,SBI - credit card,Shopping,,Metro,7155.3,Expense,,7155.3,INR,7155.3
03/14/2022 00:00,CUB - online payment,Transportation,,Movie,6093.6,Income,,6093.6,INR,6093.6
02/11/2022 00:00,HDFC - savings,Bills,,Snacks,4334.61,Expense,,4334.61,INR,4334.61
06/22/2022 00:00,SBI - credit card,Shopping,,Groceries,2241.91,Expense,,2241.91,INR,2241.91
04/06/2022 00:00,HDFC - savings,Transportation,,Electricity,7788.87,Income,,7788.87,INR,7788.87
02/23/2022 00:00,SBI - credit card,Shopping,,Movie,7797.0,Income,,7797.0,INR,7797.0
06/19/2022 00:00,SBI - credit card,Bills,,Movie,8336.25,Income,,8336.25,INR,8336.25
10/27/2022 00:00,SBI - credit card,Transportation,,Movie,7545.33,Expense,,7545.33,INR,7545.33
06/29/2022 00:00,CUB - online payment,Bills,,Snacks,6285.64,Income,,6285.64,INR,6285.64
07/03/2022 00:00,HDFC - savings,Transportation,,Movie,7775.64,Income,,7775.64,INR,7775.64
06/04/2022 00:00,SBI - credit card,Other,,Movie,3320.27,Expense,,3320.27,INR,3320.27
01/18/2022 00:00,CUB - online payment,Other,,Movie,8933.99,Income,,8933.99,INR,8933.99
07/24/2022 00:00,CUB - online payment,Shopping,,Movie,4303.99,Expense,,4303.99,INR,4303.99
08/03/2022 00:00,HDFC - savings,Transportation,,Metro,3489.17,Expense,,3489.17,INR,3489.17
09/26/2022 00:00,CUB - online payment,Shopping,,Groceries,7165.48,Expense,,7165.48,INR,7165.48
05/08/2022 00:00,CUB - online payment,Shopping,,Groceries,5109.3,Expense,,5109.3,INR,5109.3
12/12/2022 00:00,HDFC - savings,Food,,Metro,3925.37,Income,,3925.37,INR,3925.37
08/10/2022 00:00,CUB - online payment,Shopping,,Groceries,3294.06,Income,,3294.06,INR,3294.06
06/21/2022 00:00,CUB - online payment,Entertainment,,Dinner,2468.96,Expense,,2468.96,INR,2468.96
07/11/2022 00:00,CUB - online payment,Other,,Electricity,9266.23,Income,,9266.23,INR,9266.23
04/23/2022 00:00,HDFC - savings,Bills,,Electricity,6330.42,Income,,6330.42,INR,6330.42
06/18/2022 00:00,HDFC - savings,Shopping,,Electricity,7200.86,Expense,,7200.86,INR,7200.86
04/30/2022 00:00,SBI - credit card,Bills,,Groceries,5707.51,Income,,5707.51,INR,5707.51
08/06/2022 00:00,HDFC - savings,Transportation,,Snacks,463.29,Income,,463.29,INR,463.29
09/13/2022 00:00,SBI - credit card,Food,,Snacks,2664.97,Expense,,2664.97,INR,2664.97
11/11/2022 00:00,SBI - credit card,Shopping,,Dinner,1848.82,Expense,,1848.82,INR,1848.82
03/22/2022 00:00,HDFC - savings,Other,,Snacks,3466.17,Income,,3466.17,INR,3466.17
08/02/2022 00:00,SBI - credit card,Entertainment,,Electricity,6926.33,Income,,6926.33,INR,6926.33
05/06/2022 00:00,CUB - online payment,Shopping,,Dinner,2181.81,Income,,2181.81,INR,2181.81
11/05/2022 00:00,CUB - online payment,Food,,Snacks,2867.6,Expense,,2867.6,INR,2867.6
03/13/2022 00:00,CUB - online payment,Shopping,,Metro,8072.38,Expense,,8072.38,INR,8072.38
09/02/2022 00:00,HDFC - savings,Other,,Groceries,4952.71,Income,,4952.71,INR,4952.71
01/15/2022 00:00,CUB - online payment,Shopping,,Snacks,4399.52,Income,,4399.52,INR,4399.52
11/20/2022 00:00,HDFC - savings,Transportation,,Snacks,2822.41,Income,,2822.41,INR,2822.41
11/11/2022 00:00,CUB - online payment,Other,,Electricity,9965.35,Expense,,9965.35,INR,9965.35
12/01/2022 00:00,HDFC - savings,Food,,Electricity,131.29,Income,,131.29,INR,131.29
02/17/2022 00:00,HDFC - savings,Other,,Metro,7003.25,Expense,,7003.25,INR,7003.25
10/13/2022 00:00,HDFC - savings,Transportation,,Metro,8242.79,Income,,8242.79,INR,8242.79
03/01/2022 00:00,SBI - credit card,Shopping,,Electricity,3031.4,Income,,3031.4,INR,3031.4
01/10/2022 00:00,SBI - credit card,Entertainment,,Movie,8208.13,Expense,,8208.13,INR,8208.13
10/05/2022 00:00,SBI - credit card,Other,,Movie,5802.96,Expense,,5802.96,INR,5802.96
01/15/2022 00:00,HDFC - savings,Shopping,,Movie,7667.98,Income,,7667.98,INR,7667.98
10/21/2022 00:00,HDFC - savings,Shopping,,Movie,5951.84,Income,,5951.84,INR,5951.84
04/15/2022 00:00,CUB - online payment,Bills,,Groceries,3192.12,Income,,3192.12,INR,3192.12
06/19/2022 00:00,SBI - credit card,Shopping,,Movie,8062.15,Expense,,8062.15,INR,8062.15
11/01/2022 00:00,CUB - online payment,Other,,Snacks,7701.61,Expense,,7701.61,INR,7701.61
09/20/2022 00:00,SBI - credit card,Shopping,,Snacks,3140.66,Income,,3140.66,INR,3140.66
11/20/2022 00:00,HDFC - savings,Entertainment,,Groceries,9746.33,Income,,9746.33,INR,9746.33
10/22/2022 00:00,CUB - online payment,Transportation,,Groceries,7577.8,Income,,7577.8,INR,7577.8
05/03/2022 00:00,CUB - online payment,Food,,Groceries,8325.11,Income,,8325.11,INR,8325.11
07/24/2022 00:00,SBI - credit card,Bills,,Groceries,6142.64,Income,,6142.64,INR,6142.64
07/08/2022 00:00,HDFC - savings,Other,,Movie,4227.56,Income,,4227.56,INR,4227.56
08/01/2022 00:00,HDFC - savings,Transportation,,Groceries,1847.75,Income,,1847.75,INR,1847.75
01/06/2022 00:00,SBI - credit card,Transportation,,Dinner,407.96,Income,,407.96,INR,407.96
12/06/2022 00:00,CUB - online payment,Bills,,Groceries,8143.82,Expense,,8143.82,INR,8143.82
02/13/2022 00:00,CUB - online payment,Entertainment,,Movie,6365.64,Expense,,6365.64,INR,6365.64
04/01/2022 00:00,CUB - online payment,Entertainment,,Movie,5856.2,Income,,5856.2,INR,5856.2
03/24/2022 00:00,SBI - credit card,Shopping,,Dinner,1546.9,Expense,,1546.9,INR,1546.9
01/17/2022 00:00,CUB - online payment,Transportation,,Dinner,1470.96,Expense,,1470.96,INR,1470.96
06/12/2022 00:00,SBI - credit card,Food,,Snacks,9998.29,Expense,,9998.29,INR,9998.29
04/28/2022 00:00,HDFC - savings,Food,,Groceries,590.11,Expense,,590.11,INR,590.11
10/04/2022 00:00,HDFC - savings,Transportation,,Movie,2284.72,Income,,2284.72,INR,2284.72
02/07/2022 00:00,HDFC - savings,Other,,Movie,7656.14,Expense,,7656.14,INR,7656.14
01/07/2022 00:00,SBI - credit card,Other,,Snacks,7236.14,Income,,7236.14,INR,7236.14
06/11/2022 00:00,SBI - credit card,Food,,Movie,6059.26,Expense,,6059.26,INR,6059.26
12/05/2022 00:00,SBI - credit card,Food,,Dinner,3280.93,Income,,3280.93,INR,3280.93
06/06/2022 00:00,HDFC - savings,Other,,Metro,1005.22,Income,,1005.22,INR,1005.22
04/30/2022 00:00,SBI - credit card,Food,,Metro,2231.04,Expense,,2231.04,INR,2231.04
08/30/2022 00:00,CUB - online payment,Bills,,Snacks,7289.12,Expense,,7289.12,INR,7289.12
09/09/2022 00:00,SBI - credit card,Entertainment,,Groceries,6702.44,Expense,,6702.44,INR,6702.44
07/04/2022 00:00,CUB - online payment,Other,,Metro,1460.71,Expense,,1460.71,INR,1460.71
10/08/2022 00:00,CUB - online payment,Other,,Snacks,2681.03,Expense,,2681.03,INR,2681.03
05/15/2022 00:00,SBI - credit card,Other,,Groceries,8604.12,Income,,8604.12,INR,8604.12
02/13/2022 00:00,HDFC - savings,Entertainment,,Metro,4145.08,Income,,4145.08,INR,4145.08
03/06/2022 00:00,CUB - online payment,Entertainment,,Dinner,1348.48,Income,,1348.48,INR,1348.48
05/11/2022 00:00,HDFC - savings,Food,,Metro,4280.19,Income,,4280.19,INR,4280.19
10/23/2022 00:00,HDFC - savings,Food,,Snacks,7424.23,Income,,7424.23,INR,7424.23
08/18/2022 00:00,SBI - credit card,Food,,Metro,8976.06,Income,,8976.06,INR,8976.06
09/27/2022 00:00,HDFC - savings,Shopping,,Snacks,2901.04,Income,,2901.04,INR,2901.04
06/11/2022 00:00,CUB - online payment,Other,,Movie,6048.59,Income,,6048.59,INR,6048.59
01/21/2022 00:00,HDFC - savings,Transportation,,Groceries,55.83,Income,,55.83,INR,55.83
02/11/2022 00:00,CUB - online payment,Transportation,,Groceries,6289.56,Income,,6289.56,INR,6289.56
07/30/2022 00:00,SBI - credit card,Shopping,,Groceries,8218.25,Expense,,8218.25,INR,8218.25
06/19/2022 00:00,CUB - online payment,Food,,Electricity,7712.1,Expense,,7712.1,INR,7712.1
05/09/2022 00:00,SBI - credit card,Other,,Metro,1548.3,Income,,1548.3,INR,1548.3
11/11/2022 00:00,HDFC - savings,Entertainment,,Metro,2436.33,Expense,,2436.33,INR,2436.33
06/07/2022 00:00,CUB - online payment,Entertainment,,Snacks,1030.41,Expense,,1030.41,INR,1030.41
10/09/2022 00:00,SBI - credit card,Bills,,Dinner,4265.26,Expense,,4265.26,INR,4265.26
06/19/2022 00:00,HDFC - savings,Shopping,,Metro,6034.31,Income,,6034.31,INR,6034.31
07/24/2022 00:00,HDFC - savings,Bills,,Metro,2754.56,Expense,,2754.56,INR,2754.56
03/15/2022 00:00,SBI - credit card,Other,,Electricity,9447.59,Expense,,9447.59,INR,9447.59
07/18/2022 00:00,SBI - credit card,Other,,Groceries,1384.85,Expense,,1384.85,INR,1384.85
06/19/2022 00:00,SBI - credit card,Shopping,,Electricity,7709.63,Income,,7709.63,INR,7709.63
12/24/2022 00:00,SBI - credit card,Bills,,Metro,2390.23,Expense,,2390.23,INR,2390.23
07/12/2022 00:00,SBI - credit card,Transportation,,Movie,2322.02,Income,,2322.02,INR,2322.02
05/10/2022 00:00,SBI - credit card,Shopping,,Dinner,7849.62,Income,,7849.62,INR,7849.62
12/30/2022 00:00,SBI - credit card,Transportation,,Groceries,6712.44,Income,,6712.44,INR,6712.44
10/07/2022 00:00,HDFC - savings,Bills,,Electricity,3686.08,Income,,3686.08,INR,3686.08
12/14/2022 00:00,CUB - online payment,Shopping,,Snacks,5038.3,Income,,5038.3,INR,5038.3
09/03/2022 00:00,SBI - credit card,Shopping,,Dinner,826.35,Expense,,826.35,INR,826.35
02/27/2022 00:00,HDFC - savings,Entertainment,,Dinner,6489.75,Income,,6489.75,INR,6489.75
03/24/2022 00:00,CUB - online payment,Transportation,,Groceries,3214.93,Income,,3214.93,INR,3214.93
03/06/2022 00:00,CUB - online payment,Transportation,,Groceries,1186.12,Income,,1186.12,INR,1186.12
05/09/2022 00:00,SBI - credit card,Transportation,,Metro,4074.44,Expense,,4074.44,INR,4074.44
09/25/2022 00:00,CUB - online payment,Food,,Dinner,2130.44,Income,,2130.44,INR,2130.44
02/28/2022 00:00,SBI - credit card,Entertainment,,Electricity,1409.7,Expense,,1409.7,INR,1409.7
07/04/2022 00:00,SBI - credit card,Entertainment,,Dinner,8962.27,Income,,8962.27,INR,8962.27
11/17/2022 00:00,HDFC - savings,Food,,Metro,1548.06,Expense,,1548.06,INR,1548.06
10/29/2022 00:00,SBI - credit card,Transportation,,Movie,8601.09,Income,,8601.09,INR,8601.09
05/04/2022 00:00,SBI - credit card,Entertainment,,Dinner,1190.56,Income,,1190.56,INR,1190.56
03/09/2022 00:00,HDFC - savings,Bills,,Snacks,1066.84,Expense,,1066.84,INR,1066.84
09/24/2022 00:00,CUB - online payment,Transportation,,Metro,4950.95,Income,,4950.95,INR,4950.95
01/23/2022 00:00,SBI - credit card,Transportation,,Snacks,1615.62,Expense,,1615.62,INR,1615.62
01/20/2022 00:00,CUB - online payment,Entertainment,,Groceries,5612.88,Income,,5612.88,INR,5612.88
10/07/2022 00:00,CUB - online payment,Food,,Electricity,3800.95,Income,,3800.95,INR,3800.95
03/05/2022 00:00,CUB - online payment,Transportation,,Movie,7900.49,Expense,,7900.49,INR,7900.49
09/04/2022 00:00,SBI - credit card,Other,,Snacks,7795.72,Expense,,7795.72,INR,7795.72
11/07/2022 00:00,HDFC - savings,Other,,Electricity,4647.3,Income,,4647.3,INR,4647.3
06/10/2022 00:00,CUB - online payment,Entertainment,,Metro,4108.71,Income,,4108.71,INR,4108.71
03/18/2022 00:00,CUB - online payment,Bills,,Movie,8344.81,Expense,,8344.81,INR,8344.81
02/02/2022 00:00,HDFC - savings,Bills,,Metro,4144.8,Income,,4144.8,INR,4144.8
03/12/2022 00:00,CUB - online payment,Food,,Movie,2428.14,Income,,2428.14,INR,2428.14
10/10/2022 00:00,CUB - online payment,Food,,Snacks,9324.32,Income,,9324.32,INR,9324.32
08/18/2022 00:00,SBI - credit card,Other,,Movie,5891.04,Income,,5891.04,INR,5891.04
05/26/2022 00:00,HDFC - savings,Entertainment,,Electricity,2743.67,Expense,,2743.67,INR,2743.67
11/13/2022 00:00,SBI - credit card,Transportation,,Groceries,785.26,Income,,785.26,INR,785.26
05/16/2022 00:00,CUB - online payment,Shopping,,Groceries,2010.28,Income,,2010.28,INR,2010.28
08/09/2022 00:00,CUB - online payment,Food,,Movie,1233.27,Income,,1233.27,INR,1233.27
04/16/2022 00:00,SBI - credit card,Transportation,,Movie,3836.74,Expense,,3836.74,INR,3836.74
06/17/2022 00:00,CUB - online payment,Bills,,Dinner,4164.97,Income,,4164.97,INR,4164.97
12/30/2022 00:00,CUB - online payment,Food,,Dinner,2078.35,Expense,,2078.35,INR,2078.35
02/11/2022 00:00,SBI - credit card,Food,,Groceries,9674.06,Income,,9674.06,INR,9674.06
08/22/2022 00:00,HDFC - savings,Bills,,Snacks,6917.57,Income,,6917.57,INR,6917.57
10/04/2022 00:00,HDFC - savings,Food,,Movie,3934.81,Income,,3934.81,INR,3934.81
08/01/2022 00:00,CUB - online payment,Transportation,,Electricity,6757.43,Income,,6757.43,INR,6757.43
03/20/2022 00:00,HDFC - savings,Bills,,Movie,6987.89,Income,,6987.89,INR,6987.89
09/05/2022 00:00,SBI - credit card,Entertainment,,Groceries,5619.67,Income,,5619.67,INR,5619.67
10/19/2022 00:00,SBI - credit card,Bills,,Metro,1358.64,Income,,1358.64,INR,1358.64
09/10/2022 00:00,CUB - online payment,Shopping,,Metro,4725.76,Expense,,4725.76,INR,4725.76
09/17/2022 00:00,HDFC - savings,Other,,Metro,4385.7,Income,,4385.7,INR,4385.7
04/01/2022 00:00,HDFC - savings,Transportation,,Groceries,7754.13,Expense,,7754.13,INR,7754.13
01/28/2022 00:00,HDFC - savings,Food,,Metro,795.66,Income,,795.66,INR,795.66
04/16/2022 00:00,SBI - credit card,Bills,,Dinner,5954.94,Expense,,5954.94,INR,5954.94
03/11/2022 00:00,CUB - online payment,Food,,Electricity,3520.92,Expense,,3520.92,INR,3520.92
01/30/2022 00:00,CUB - online payment,Shopping,,Metro,5377.5,Expense,,5377.5,INR,5377.5
10/10/2022 00:00,HDFC - savings,Other,,Snacks,5190.94,Income,,5190.94,INR,5190.94
08/28/2022 00:00,HDFC - savings,Other,,Metro,7460.74,Expense,,7460.74,INR,7460.74
02/17/2022 00:00,HDFC - savings,Shopping,,Snacks,1113.68,Income,,1113.68,INR,1113.68
11/26/2022 00:00,HDFC - savings,Entertainment,,Snacks,2562.16,Expense,,2562.16,INR,2562.16
10/19/2022 00:00,CUB - online payment,Entertainment,,Movie,4435.35,Income,,4435.35,INR,4435.35
08/12/2022 00:00,SBI - credit card,Food,,Movie,6482.5,Income,,6482.5,INR,6482.5
11/26/2022 00:00,SBI - credit card,Transportation,,Metro,2691.94,Income,,2691.94,INR,2691.94
12/21/2022 00:00,CUB - online payment,Shopping,,Groceries,9009.47,Income,,9009.47,INR,9009.47
11/15/2022 00:00,SBI - credit card,Entertainment,,Snacks,9137.48,Income,,9137.48,INR,9137.48
06/06/2022 00:00,HDFC - savings,Shopping,,Movie,9891.76,Expense,,9891.76,INR,9891.76
11/04/2022 00:00,SBI - credit card,Transportation,,Snacks,3973.57,Income,,3973.57,INR,3973.57
12/13/2022 00:00,HDFC - savings,Food,,Electricity,730.33,Expense,,730.33,INR,730.33
05/30/2022 00:00,HDFC - savings,Entertainment,,Metro,4777.21,Expense,,4777.21,INR,4777.21
10/22/2022 00:00,CUB - online payment,Entertainment,,Electricity,4971.19,Income,,4971.19,INR,4971.19
08/16/2022 00:00,CUB - online payment,Food,,Dinner,7450.31,Income,,7450.31,INR,7450.31
04/06/2022 00:00,SBI - credit card,Bills,,Electricity,1578.51,Income,,1578.51,INR,1578.51
12/15/2022 00:00,SBI - credit card,Entertainment,,Dinner,1043.23,Income,,1043.23,INR,1043.23
04/13/2022 00:00,SBI - credit card,Shopping,,Dinner,2993.3,Income,,2993.3,INR,2993.3
02/07/2022 00:00,HDFC - savings,Entertainment,,Snacks,326.06,Income,,326.06,INR,326.06
07/24/2022 00:00,SBI - credit card,Food,,Movie,2371.01,Income,,2371.01,INR,2371.01
12/10/2022 00:00,SBI - credit card,Transportation,,Movie,8848.41,Expense,,8848.41,INR,8848.41
03/25/2022 00:00,SBI - credit card,Food,,Movie,1204.3,Expense,,1204.3,INR,1204.3
05/28/2022 00:00,CUB - online payment,Shopping,,Groceries,2168.38,Income,,2168.38,INR,2168.38
07/22/2022 00:00,SBI - credit card,Shopping,,Electricity,5406.16,Income,,5406.16,INR,5406.16
07/31/2022 00:00,SBI - credit card,Bills,,Groceries,2845.22,Expense,,2845.22,INR,2845.22
05/06/2022 00:00,HDFC - savings,Food,,Groceries,1141.45,Expense,,1141.45,INR,1141.45
03/28/2022 00:00,HDFC - savings,Shopping,,Metro,1678.86,Income,,1678.86,INR,1678.86
03/25/2022 00:00,SBI - credit card,Shopping,,Metro,4517.58,Expense,,4517.58,INR,4517.58
12/30/2022 00:00,SBI - credit card,Food,,Electricity,8404.83,Income,,8404.83,INR,8404.83
09/02/2022 00:00,HDFC - savings,Food,,Movie,7758.5,Income,,7758.5,INR,7758.5
07/30/2022 00:00,SBI - credit card,Food,,Movie,7892.26,Expense,,7892.26,INR,7892.26
10/20/2022 00:00,SBI - credit card,Other,,Movie,1595.49,Expense,,1595.49,INR,1595.49
10/30/2022 00:00,HDFC - savings,Shopping,,Snacks,6950.54,Expense,,6950.54,INR,6950.54
01/01/2023 00:00,HDFC - savings,Food,,Dinner,5430.52,Expense,,5430.52,INR,5430.52
05/29/2022 00:00,HDFC - savings,Transportation,,Snacks,8267.97,Expense,,8267.97,INR,8267.97
08/14/2022 00:00,CUB - online payment,Food,,Metro,3601.34,Expense,,3601.34,INR,3601.34
09/15/2022 00:00,CUB - online payment,Other,,Groceries,7481.66,Income,,7481.66,INR,7481.66
12/15/2022 00:00,HDFC - savings,Shopping,,Metro,5463.89,Expense,,5463.89,INR,5463.89
06/01/2022 00:00,HDFC - savings,Food,,Metro,8863.48,Expense,,8863.48,INR,8863.48
03/12/2022 00:00,CUB - online payment,Food,,Metro,728.72,Expense,,728.72,INR,728.72
08/27/2022 00:00,CUB - online payment,Food,,Movie,1973.13,Income,,1973.13,INR,1973.13
10/19/2022 00:00,SBI - credit card,Transportation,,Snacks,5900.78,Expense,,5900.78,INR,5900.78
10/23/2022 00:00,SBI - credit card,Entertainment,,Snacks,8295.8,Income,,8295.8,INR,8295.8
05/01/2022 00:00,SBI - credit card,Shopping,,Dinner,7047.57,Income,,7047.57,INR,7047.57
11/14/2022 00:00,CUB - online payment,Entertainment,,Groceries,4520.7,Expense,,4520.7,INR,4520.7
09/14/2022 00:00,SBI - credit card,Transportation,,Electricity,4915.6,Expense,,4915.6,INR,4915.6
11/28/2022 00:00,SBI - credit card,Bills,,Metro,5884.8,Income,,5884.8,INR,5884.8
06/20/2022 00:00,CUB - online payment,Bills,,Groceries,8470.77,Expense,,8470.77,INR,8470.77
11/07/2022 00:00,CUB - online payment,Food,,Movie,3026.96,Income,,3026.96,INR,3026.96
01/29/2022 00:00,HDFC - savings,Food,,Metro,4719.97,Expense,,4719.97,INR,4719.97
09/17/2022 00:00,HDFC - savings,Other,,Snacks,2413.53,Income,,2413.53,INR,2413.53
10/13/2022 00:00,SBI - credit card,Transportation,,Movie,7734.5,Income,,7734.5,INR,7734.5
08/14/2022 00:00,SBI - credit card,Food,,Metro,5393.78,Income,,5393.78,INR,5393.78
03/29/2022 00:00,HDFC - savings,Entertainment,,Dinner,7081.8,Expense,,7081.8,INR,7081.8
09/11/2022 00:00,HDFC - savings,Food,,Metro,6358.58,Income,,6358.58,INR,6358.58
04/15/2022 00:00,HDFC - savings,Entertainment,,Snacks,5682.63,Income,,5682.63,INR,5682.63
10/27/2022 00:00,HDFC - savings,Bills,,Movie,5975.55,Income,,5975.55,INR,5975.55
10/12/2022 00:00,SBI - credit card,Shopping,,Electricity,4386.14,Expense,,4386.14,INR,4386.14
12/10/2022 00:00,HDFC - savings,Bills,,Metro,587.18,Expense,,587.18,INR,587.18
01/29/2022 00:00,CUB - online payment,Other,,Dinner,6269.98,Income,,6269.98,INR,6269.98
05/16/2022 00:00,CUB - online payment,Transportation,,Groceries,8777.17,Expense,,8777.17,INR,8777.17
11/24/2022 00:00,HDFC - savings,Bills,,Groceries,2194.63,Income,,2194.63,INR,2194.63
04/25/2022 00:00,HDFC - savings,Food,,Groceries,4727.7,Expense,,4727.7,INR,4727.7
11/27/2022 00:00,SBI - credit card,Shopping,,Dinner,6894.47,Income,,6894.47,INR,6894.47
10/12/2022 00:00,CUB - online payment,Other,,Movie,5636.36,Expense,,5636.36,INR,5636.36
06/08/2022 00:00,HDFC - savings,Entertainment,,Metro,8501.57,Income,,8501.57,INR,8501.57
12/29/2022 00:00,SBI - credit card,Entertainment,,Snacks,684.92,Expense,,684.92,INR,684.92
03/27/2022 00:00,HDFC - savings,Bills,,Metro,2229.73,Expense,,2229.73,INR,2229.73
10/08/2022 00:00,HDFC - savings,Bills,,Electricity,5840.79,Expense,,5840.79,INR,5840.79
08/27/2022 00:00,SBI - credit card,Food,,Snacks,6075.5,Income,,6075.5,INR,6075.5
11/11/2022 00:00,HDFC - savings,Food,,Movie,1570.13,Income,,1570.13,INR,1570.13
02/21/2022 00:00,HDFC - savings,Transportation,,Snacks,4192.23,Income,,4192.23,INR,4192.23
02/08/2022 00:00,SBI - credit card,Shopping,,Snacks,8787.19,Expense,,8787.19,INR,8787.19
01/08/2022 00:00,CUB - online payment,Entertainment,,Dinner,7044.27,Expense,,7044.27,INR,7044.27
10/17/2022 00:00,HDFC - savings,Other,,Dinner,6147.37,Expense,,6147.37,INR,6147.37
12/13/2022 00:00,SBI - credit card,Food,,Snacks,5933.99,Income,,5933.99,INR,5933.99
04/15/2022 00:00,HDFC - savings,Transportation,,Metro,3670.74,Income,,3670.74,INR,3670.74
04/14/2022 00:00,HDFC - savings,Food,,Dinner,2725.72,Expense,,2725.72,INR,2725.72
01/29/2022 00:00,CUB - online payment,Food,,Snacks,7661.79,Income,,7661.79,INR,7661.79
10/25/2022 00:00,HDFC - savings,Other,,Dinner,4582.66,Income,,4582.66,INR,4582.66
02/25/2022 00:00,CUB - online payment,Other,,Metro,4558.77,Expense,,4558.77,INR,4558.77
11/08/2022 00:00,CUB - online payment,Shopping,,Groceries,2474.64,Income,,2474.64,INR,2474.64
03/03/2022 00:00,SBI - credit card,Bills,,Dinner,8764.13,Income,,8764.13,INR,8764.13
04/02/2022 00:00,HDFC - savings,Entertainment,,Snacks,721.49,Expense,,721.49,INR,721.49
06/06/2022 00:00,SBI - credit card,Entertainment,,Movie,9089.41,Expense,,9089.41,INR,9089.41
08/16/2022 00:00,SBI - credit card,Other,,Dinner,7102.39,Income,,7102.39,INR,7102.39
04/19/2022 00:00,SBI - credit card,Bills,,Dinner,3083.36,Income,,3083.36,INR,3083.36
06/26/2022 00:00,SBI - credit card,Food,,Snacks,2051.07,Income,,2051.07,INR,2051.07
09/08/2022 00:00,CUB - online payment,Food,,Metro,8560.17,Income,,8560.17,INR,8560.17
11/02/2022 00:00,HDFC - savings,Food,,Snacks,6495.65,Expense,,6495.65,INR,6495.65
08/22/2022 00:00,CUB - online payment,Transportation,,Groceries,4199.3,Expense,,4199.3,INR,4199.3
06/16/2022 00:00,HDFC - savings,Other,,Groceries,2769.9,Expense,,2769.9,INR,2769.9
02/03/2022 00:00,CUB - online payment,Food,,Groceries,5865.29,Income,,5865.29,INR,5865.29
11/15/2022 00:00,HDFC - savings,Other,,Movie,7599.89,Expense,,7599.89,INR,7599.89
03/02/2022 00:00,CUB - online payment,Bills,,Metro,3380.2,Expense,,3380.2,INR,3380.2
02/08/2022 00:00,CUB - online payment,Bills,,Electricity,2272.98,Expense,,2272.98,INR,2272.98
11/14/2022 00:00,CUB - online payment,Transportation,,Dinner,8093.53,Expense,,8093.53,INR,8093.53
02/14/2022 00:00,SBI - credit card,Shopping,,Snacks,414.27,Expense,,414.27,INR,414.27
08/02/2022 00:00,CUB - online payment,Other,,Electricity,196.32,Expense,,196.32,INR,196.32
08/01/2022 00:00,HDFC - savings,Other,,Metro,2940.21,Expense,,2940.21,INR,2940.21
08/09/2022 00:00,HDFC - savings,Entertainment,,Groceries,8219.46,Expense,,8219.46,INR,8219.46
12/03/2022 00:00,CUB - online payment,Shopping,,Metro,2840.01,Income,,2840.01,INR,2840.01
11/06/2022 00:00,SBI - credit card,Bills,,Movie,18.3,Expense,,18.3,INR,18.3
11/27/2022 00:00,SBI - credit card,Food,,Groceries,5312.14,Expense,,5312.14,INR,5312.14
01/26/2022 00:00,CUB - online payment,Transportation,,Movie,1589.48,Income,,1589.48,INR,1589.48
01/06/2022 00:00,HDFC - savings,Entertainment,,Dinner,2641.43,Expense,,2641.43,INR,2641.43
06/23/2022 00:00,HDFC - savings,Shopping,,Dinner,9546.29,Income,,9546.29,INR,9546.29
01/18/2022 00:00,HDFC - savings,Shopping,,Dinner,9248.63,Expense,,9248.63,INR,9248.63
08/13/2022 00:00,SBI - credit card,Food,,Movie,3268.3,Expense,,3268.3,INR,3268.3
06/11/2022 00:00,HDFC - savings,Shopping,,Snacks,6157.79,Expense,,6157.79,INR,6157.79
08/14/2022 00:00,HDFC - savings,Food,,Groceries,9861.24,Expense,,9861.24,INR,9861.24
01/19/2022 00:00,CUB - online payment,Bills,,Dinner,806.48,Expense,,806.48,INR,806.48
03/28/2022 00:00,CUB - online payment,Transportation,,Movie,6578.59,Expense,,6578.59,INR,6578.59
10/24/2022 00:00,HDFC - savings,Entertainment,,Movie,8721.3,Income,,8721.3,INR,8721.3
08/29/2022 00:00,HDFC - savings,Transportation,,Snacks,3153.86,Expense,,3153.86,INR,3153.86
02/04/2022 00:00,SBI - credit card,Entertainment,,Electricity,6111.18,Income,,6111.18,INR,6111.18
04/06/2022 00:00,CUB - online payment,Food,,Snacks,7090.09,Expense,,7090.09,INR,7090.09
11/09/2022 00:00,HDFC - savings,Transportation,,Groceries,2249.29,Expense,,2249.29,INR,2249.29
09/01/2022 00:00,SBI - credit card,Other,,Movie,1664.69,Income,,1664.69,INR,1664.69
10/26/2022 00:00,CUB - online payment,Entertainment,,Movie,5401.69,Income,,5401.69,INR,5401.69
06/27/2022 00:00,SBI - credit card,Entertainment,,Electricity,1752.78,Expense,,1752.78,INR,1752.78
01/18/2022 00:00,SBI - credit card,Entertainment,,Groceries,1606.17,Income,,1606.17,INR,1606.17
08/26/2022 00:00,HDFC - savings,Transportation,,Movie,4178.79,Income,,4178.79,INR,4178.79
07/21/2022 00:00,HDFC - savings,Bills,,Dinner,8744.73,Income,,8744.73,INR,8744.73
04/11/2022 00:00,CUB - online payment,Entertainment,,Groceries,1196.48,Expense,,1196.48,INR,1196.48
08/24/2022 00:00,CUB - online payment,Bills,,Dinner,2531.86,Income,,2531.86,INR,2531.86
10/12/2022 00:00,CUB - online payment,Food,,Movie,8218.88,Income,,8218.88,INR,8218.88
01/24/2022 00:00,CUB - online payment,Shopping,,Groceries,1329.72,Expense,,1329.72,INR,1329.72
11/28/2022 00:00,HDFC - savings,Transportation,,Movie,7105.4,Income,,7105.4,INR,7105.4
04/14/2022 00:00,HDFC - savings,Bills,,Metro,3532.97,Expense,,3532.97,INR,3532.97
07/13/2022 00:00,SBI - credit card,Bills,,Electricity,1269.83,Expense,,1269.83,INR,1269.83
08/17/2022 00:00,HDFC - savings,Food,,Movie,9149.37,Income,,9149.37,INR,9149.37
02/17/2022 00:00,CUB - online payment,Bills,,Electricity,2220.75,Income,,2220.75,INR,2220.75
04/09/2022 00:00,SBI - credit card,Food,,Dinner,1431.4,Income,,1431.4,INR,1431.4
10/11/2022 00:00,SBI - credit card,Bills,,Metro,3113.19,Income,,3113.19,INR,3113.19
05/13/2022 00:00,HDFC - savings,Bills,,Dinner,5636.6,Expense,,5636.6,INR,5636.6
12/24/2022 00:00,SBI - credit card,Bills,,Electricity,4678.42,Income,,4678.42,INR,4678.42
02/05/2022 00:00,CUB - online payment,Entertainment,,Dinner,9055.04,Income,,9055.04,INR,9055.04
08/05/2022 00:00,SBI - credit card,Other,,Electricity,2524.24,Income,,2524.24,INR,2524.24
05/17/2022 00:00,SBI - credit card,Other,,Groceries,4395.19,Income,,4395.19,INR,4395.19
03/14/2022 00:00,SBI - credit card,Other,,Movie,4908.82,Expense,,4908.82,INR,4908.82
01/19/2022 00:00,SBI - credit card,Other,,Dinner,3344.72,Expense,,3344.72,INR,3344.72
06/11/2022 00:00,HDFC - savings,Entertainment,,Metro,2882.66,Expense,,2882.66,INR,2882.66
07/14/2022 00:00,SBI - credit card,Transportation,,Groceries,5183.2,Expense,,5183.2,INR,5183.2
11/05/2022 00:00,SBI - credit card,Bills,,Movie,6836.03,Income,,6836.03,INR,6836.03
05/09/2022 00:00,CUB - online payment,Bills,,Dinner,3833.49,Income,,3833.49,INR,3833.49
04/19/2022 00:00,SBI - credit card,Shopping,,Groceries,3810.74,Expense,,3810.74,INR,3810.74
05/19/2022 00:00,HDFC - savings,Shopping,,Metro,4829.3,Expense,,4829.3,INR,4829.3
05/13/2022 00:00,SBI - credit card,Bills,,Snacks,5690.73,Expense,,5690.73,INR,5690.73
03/27/2022 00:00,CUB - online payment,Other,,Dinner,6269.84,Expense,,6269.84,INR,6269.84
03/09/2022 00:00,HDFC - savings,Bills,,Electricity,477.9,Expense,,477.9,INR,477.9
10/25/2022 00:00,CUB - online payment,Entertainment,,Snacks,8564.12,Expense,,8564.12,INR,8564.12
10/16/2022 00:00,CUB - online payment,Other,,Groceries,6950.97,Income,,6950.97,INR,6950.97
03/12/2022 00:00,SBI - credit card,Food,,Metro,7396.21,Expense,,7396.21,INR,7396.21
02/05/2022 00:00,HDFC - savings,Transportation,,Metro,9962.23,Expense,,9962.23,INR,9962.23
11/08/2022 00:00,SBI - credit card,Transportation,,Dinner,2092.82,Expense,,2092.82,INR,2092.82
12/14/2022 00:00,SBI - credit card,Food,,Electricity,6116.29,Income,,6116.29,INR,6116.29
10/20/2022 00:00,HDFC - savings,Shopping,,Snacks,646.02,Income,,646.02,INR,646.02
12/10/2022 00:00,SBI - credit card,Other,,Groceries,1796.3,Expense,,1796.3,INR,1796.3
08/16/2022 00:00,SBI - credit card,Bills,,Movie,270.63,Income,,270.63,INR,270.63
08/26/2022 00:00,SBI - credit card,Entertainment,,Metro,1702.27,Expense,,1702.27,INR,1702.27
02/02/2022 00:00,SBI - credit card,Other,,Dinner,2408.07,Expense,,2408.07,INR,2408.07
03/29/2022 00:00,SBI - credit card,Transportation,,Groceries,8211.23,Income,,8211.23,INR,8211.23
06/09/2022 00:00,HDFC - savings,Entertainment,,Movie,1245.2,Income,,1245.2,INR,1245.2
05/24/2022 00:00,HDFC - savings,Shopping,,Metro,4855.22,Expense,,4855.22,INR,4855.22
09/19/2022 00:00,HDFC - savings,Shopping,,Movie,3812.56,Expense,,3812.56,INR,3812.56
10/03/2022 00:00,HDFC - savings,Entertainment,,Groceries,5701.41,Income,,5701.41,INR,5701.41
02/05/2022 00:00,CUB - online payment,Transportation,,Movie,3643.02,Income,,3643.02,INR,3643.02
05/19/2022 00:00,CUB - online payment,Other,,Metro,5974.33,Income,,5974.33,INR,5974.33
03/23/2022 00:00,SBI - credit card,Shopping,,Movie,271.95,Expense,,271.95,INR,271.95
11/23/2022 00:00,HDFC - savings,Bills,,Groceries,5354.17,Expense,,5354.17,INR,5354.17
04/15/2022 00:00,CUB - online payment,Food,,Snacks,5845.65,Expense,,5845.65,INR,5845.65
07/26/2022 00:00,SBI - credit card,Entertainment,,Movie,557.0,Expense,,557.0,INR,557.0
07/31/2022 00:00,CUB - online payment,Transportation,,Dinner,7567.25,Expense,,7567.25,INR,7567.25
02/21/2022 00:00,SBI - credit card,Entertainment,,Dinner,2978.5,Expense,,2978.5,INR,2978.5
07/19/2022 00:00,SBI - credit card,Shopping,,Electricity,5372.37,Income,,5372.37,INR,5372.37
06/18/2022 00:00,CUB - online payment,Other,,Dinner,7775.3,Expense,,7775.3,INR,7775.3
09/13/2022 00:00,CUB - online payment,Entertainment,,Snacks,2679.25,Expense,,2679.25,INR,2679.25
01/15/2022 00:00,HDFC - savings,Bills,,Snacks,2299.28,Expense,,2299.28,INR,2299.28
12/29/2022 00:00,SBI - credit card,Food,,Dinner,6486.23,Income,,6486.23,INR,6486.23
10/13/2022 00:00,HDFC - savings,Food,,Movie,9750.92,Income,,9750.92,INR,9750.92
10/28/2022 00:00,HDFC - savings,Entertainment,,Metro,5155.74,Income,,5155.74,INR,5155.74
02/24/2022 00:00,HDFC - savings,Entertainment,,Movie,4045.27,Expense,,4045.27,INR,4045.27
08/11/2022 00:00,CUB - online payment,Transportation,,Electricity,6805.53,Income,,6805.53,INR,6805.53
08/06/2022 00:00,CUB - online payment,Transportation,,Groceries,4997.85,Expense,,4997.85,INR,4997.85
09/11/2022 00:00,CUB - online payment,Entertainment,,Movie,8182.37,Expense,,8182.37,INR,8182.37
05/31/2022 00:00,HDFC - savings,Other,,Movie,7521.36,Expense,,7521.36,INR,7521.36
03/30/2022 00:00,CUB - online payment,Food,,Movie,7387.14,Income,,7387.14,INR,7387.14
09/03/2022 00:00,SBI - credit card,Shopping,,Groceries,3552.56,Income,,3552.56,INR,3552.56
04/11/2022 00:00,HDFC - savings,Food,,Snacks,9518.15,Income,,9518.15,INR,9518.15
07/22/2022 00:00,SBI - credit card,Other,,Dinner,823.58,Income,,823.58,INR,823.58
08/22/2022 00:00,SBI - credit card,Entertainment,,Snacks,2493.31,Expense,,2493.31,INR,2493.31
08/02/2022 00:00,SBI - credit card,Entertainment,,Dinner,3154.09,Expense,,3154.09,INR,3154.09
09/06/2022 00:00,SBI - credit card,Entertainment,,Metro,2579.02,Income,,2579.02,INR,2579.02
04/10/2022 00:00,CUB - online payment,Shopping,,Electricity,1588.01,Income,,1588.01,INR,1588.01
07/23/2022 00:00,HDFC - savings,Shopping,,Groceries,1636.46,Income,,1636.46,INR,1636.46
11/06/2022 00:00,SBI - credit card,Other,,Groceries,5296.52,Income,,5296.52,INR,5296.52
10/11/2022 00:00,SBI - credit card,Food,,Groceries,7224.04,Income,,7224.04,INR,7224.04
01/26/2022 00:00,SBI - credit card,Entertainment,,Groceries,3831.41,Income,,3831.41,INR,3831.41
05/27/2022 00:00,CUB - online payment,Transportation,,Snacks,812.26,Income,,812.26,INR,812.26
11/10/2022 00:00,HDFC - savings,Bills,,Dinner,4676.74,Income,,4676.74,INR,4676.74
12/28/2022 00:00,HDFC - savings,Food,,Electricity,6082.61,Income,,6082.61,INR,6082.61
09/15/2022 00:00,CUB - online payment,Shopping,,Dinner,9356.4,Expense,,9356.4,INR,9356.4
11/28/2022 00:00,CUB - online payment,Transportation,,Snacks,4421.04,Income,,4421.04,INR,4421.04
09/13/2022 00:00,CUB - online payment,Transportation,,Metro,5428.33,Income,,5428.33,INR,5428.33
05/12/2022 00:00,CUB - online payment,Entertainment,,Groceries,8997.52,Expense,,8997.52,INR,8997.52
12/03/2022 00:00,HDFC - savings,Shopping,,Metro,7296.37,Expense,,7296.37,INR,7296.37
08/26/2022 00:00,HDFC - savings,Bills,,Electricity,4289.77,Income,,4289.77,INR,4289.77
09/27/2022 00:00,SBI - credit card,Bills,,Movie,2798.9,Income,,2798.9,INR,2798.9
02/02/2022 00:00,HDFC - savings,Transportation,,Dinner,130.73,Income,,130.73,INR,130.73
09/11/2022 00:00,CUB - online payment,Bills,,Dinner,4379.86,Income,,4379.86,INR,4379.86
02/02/2022 00:00,HDFC - savings,Food,,Electricity,4736.57,Expense,,4736.57,INR,4736.57
09/04/2022 00:00,HDFC - savings,Other,,Movie,5111.7,Expense,,5111.7,INR,5111.7
01/23/2022 00:00,HDFC - savings,Food,,Metro,5197.53,Expense,,5197.53,INR,5197.53
07/24/2022 00:00,CUB - online payment,Shopping,,Groceries,7304.75,Expense,,7304.75,INR,7304.75
04/29/2022 00:00,CUB - online payment,Food,,Dinner,491.68,Expense,,491.68,INR,491.68
07/06/2022 00:00,CUB - online payment,Transportation,,Electricity,8558.79,Expense,,8558.79,INR,8558.79
02/14/2022 00:00,SBI - credit card,Shopping,,Movie,7735.22,Income,,7735.22,INR,7735.22
06/25/2022 00:00,CUB - online payment,Other,,Snacks,7771.09,Expense,,7771.09,INR,7771.09
03/07/2022 00:00,SBI - credit card,Other,,Electricity,7727.33,Expense,,7727.33,INR,7727.33
03/05/2022 00:00,SBI - credit card,Other,,Groceries,4093.45,Income,,4093.45,INR,4093.45
01/28/2022 00:00,SBI - credit card,Food,,Electricity,8987.62,Expense,,8987.62,INR,8987.62
07/25/2022 00:00,HDFC - savings,Food,,Movie,9941.19,Income,,9941.19,INR,9941.19
06/01/2022 00:00,HDFC - savings,Food,,Snacks,7115.51,Income,,7115.51,INR,7115.51
10/05/2022 00:00,HDFC - savings,Transportation,,Movie,5108.68,Income,,5108.68,INR,5108.68
09/29/2022 00:00,HDFC - savings,Food,,Electricity,9300.91,Income,,9300.91,INR,9300.91
04/18/2022 00:00,HDFC - savings,Transportation,,Groceries,9265.47,Expense,,9265.47,INR,9265.47
12/02/2022 00:00,HDFC - savings,Food,,Electricity,1534.79,Expense,,1534.79,INR,1534.79
01/19/2022 00:00,CUB - online payment,Other,,Metro,9303.11,Expense,,9303.11,INR,9303.11
06/07/2022 00:00,CUB - online payment,Shopping,,Metro,6491.22,Expense,,6491.22,INR,6491.22
12/07/2022 00:00,CUB - online payment,Other,,Electricity,6890.03,Income,,6890.03,INR,6890.03
05/29/2022 00:00,HDFC - savings,Entertainment,,Groceries,577.09,Expense,,577.09,INR,577.09
01/25/2022 00:00,CUB - online payment,Entertainment,,Electricity,7376.19,Income,,7376.19,INR,7376.19
10/15/2022 00:00,CUB - online payment,Transportation,,Electricity,3458.64,Income,,3458.64,INR,3458.64
01/27/2022 00:00,SBI - credit card,Shopping,,Movie,3702.63,Expense,,3702.63,INR,3702.63
01/03/2022 00:00,HDFC - savings,Transportation,,Dinner,5370.96,Income,,5370.96,INR,5370.96
10/01/2022 00:00,SBI - credit card,Other,,Dinner,7825.34,Expense,,7825.34,INR,7825.34
07/11/2022 00:00,HDFC - savings,Entertainment,,Metro,2448.94,Expense,,2448.94,INR,2448.94
07/23/2022 00:00,HDFC - savings,Transportation,,Movie,6624.7,Income,,6624.7,INR,6624.7
11/24/2022 00:00,CUB - online payment,Food,,Dinner,1395.61,Income,,1395.61,INR,1395.61
07/20/2022 00:00,HDFC - savings,Shopping,,Electricity,9184.27,Income,,9184.27,INR,9184.27
04/28/2022 00:00,HDFC - savings,Shopping,,Snacks,1242.56,Income,,1242.56,INR,1242.56
04/09/2022 00:00,SBI - credit card,Food,,Snacks,4179.32,Income,,4179.32,INR,4179.32
01/30/2022 00:00,HDFC - savings,Other,,Metro,8371.94,Income,,8371.94,INR,8371.94
05/15/2022 00:00,HDFC - savings,Food,,Movie,9983.34,Expense,,9983.34,INR,9983.34
08/07/2022 00:00,SBI - credit card,Transportation,,Electricity,4332.24,Expense,,4332.24,INR,4332.24
08/05/2022 00:00,CUB - online payment,Other,,Dinner,4512.24,Income,,4512.24,INR,4512.24
02/28/2022 00:00,HDFC - savings,Transportation,,Groceries,5256.27,Expense,,5256.27,INR,5256.27
11/20/2022 00:00,HDFC - savings,Bills,,Dinner,4408.61,Income,,4408.61,INR,4408.61
09/12/2022 00:00,CUB - online payment,Transportation,,Metro,1009.18,Income,,1009.18,INR,1009.18
06/04/2022 00:00,SBI - credit card,Transportation,,Metro,5725.1,Income,,5725.1,INR,5725.1
04/01/2022 00:00,SBI - credit card,Transportation,,Groceries,5244.36,Expense,,5244.36,INR,5244.36
08/07/2022 00:00,HDFC - savings,Bills,,Movie,5937.72,Expense,,5937.72,INR,5937.72
05/06/2022 00:00,HDFC - savings,Food,,Movie,7579.19,Income,,7579.19,INR,7579.19
06/30/2022 00:00,CUB - online payment,Shopping,,Groceries,7972.68,Expense,,7972.68,INR,7972.68
11/02/2022 00:00,HDFC - savings,Other,,Metro,1874.34,Income,,1874.34,INR,1874.34
07/08/2022 00:00,CUB - online payment,Food,,Dinner,4213.59,Income,,4213.59,INR,4213.59
09/26/2022 00:00,HDFC - savings,Other,,Groceries,6393.42,Expense,,6393.42,INR,6393.42
01/15/2022 00:00,SBI - credit card,Food,,Snacks,3844.72,Income,,3844.72,INR,3844.72
05/12/2022 00:00,SBI - credit card,Shopping,,Electricity,4337.68,Expense,,4337.68,INR,4337.68
09/11/2022 00:00,SBI - credit card,Entertainment,,Snacks,7401.34,Income,,7401.34,INR,7401.34
08/28/2022 00:00,CUB - online payment,Shopping,,Snacks,4771.52,Income,,4771.52,INR,4771.52
01/04/2022 00:00,HDFC - savings,Entertainment,,Electricity,4709.25,Expense,,4709.25,INR,4709.25
11/12/2022 00:00,HDFC - savings,Entertainment,,Groceries,5431.17,Expense,,5431.17,INR,5431.17
06/12/2022 00:00,SBI - credit card,Food,,Groceries,42.25,Income,,42.25,INR,42.25
12/20/2022 00:00,HDFC - savings,Entertainment,,Snacks,9296.42,Expense,,9296.42,INR,9296.42
03/06/2022 00:00,CUB - online payment,Entertainment,,Electricity,7995.29,Expense,,7995.29,INR,7995.29
08/15/2022 00:00,HDFC - savings,Entertainment,,Groceries,9539.83,Income,,9539.83,INR,9539.83
06/04/2022 00:00,HDFC - savings,Shopping,,Metro,3316.14,Income,,3316.14,INR,3316.14
02/11/2022 00:00,SBI - credit card,Food,,Movie,6275.38,Expense,,6275.38,INR,6275.38
09/21/2022 00:00,HDFC - savings,Shopping,,Groceries,9123.6,Expense,,9123.6,INR,9123.6
12/13/2022 00:00,SBI - credit card,Entertainment,,Groceries,9404.23,Expense,,9404.23,INR,9404.23
11/11/2022 00:00,HDFC - savings,Food,,Snacks,9283.57,Expense,,9283.57,INR,9283.57
12/22/2022 00:00,HDFC - savings,Transportation,,Snacks,5690.94,Income,,5690.94,INR,5690.94
04/30/2022 00:00,HDFC - savings,Food,,Snacks,9286.62,Expense,,9286.62,INR,9286.62
06/07/2022 00:00,CUB - online payment,Shopping,,Metro,4139.0,Expense,,4139.0,INR,4139.0
02/02/2022 00:00,HDFC - savings,Other,,Electricity,2553.48,Income,,2553.48,INR,2553.48
04/19/2022 00:00,SBI - credit card,Bills,,Groceries,612.38,Income,,612.38,INR,612.38
12/01/2022 00:00,CUB - online payment,Entertainment,,Metro,1619.11,Income,,1619.11,INR,1619.11
01/05/2022 00:00,SBI - credit card,Transportation,,Dinner,394.65,Income,,394.65,INR,394.65
06/01/2022 00:00,CUB - online payment,Shopping,,Snacks,2723.73,Income,,2723.73,INR,2723.73
04/06/2022 00:00,SBI - credit card,Bills,,Groceries,9239.45,Expense,,9239.45,INR,9239.45
02/05/2022 00:00,CUB - online payment,Bills,,Groceries,7880.21,Expense,,7880.21,INR,7880.21
11/19/2022 00:00,CUB - online payment,Other,,Electricity,2492.45,Income,,2492.45,INR,2492.45
09/13/2022 00:00,HDFC - savings,Bills,,Groceries,1532.24,Expense,,1532.24,INR,1532.24
10/14/2022 00:00,CUB - online payment,Shopping,,Snacks,5803.98,Income,,5803.98,INR,5803.98
06/07/2022 00:00,CUB - online payment,Shopping,,Dinner,347.72,Income,,347.72,INR,347.72
08/04/2022 00:00,HDFC - savings,Food,,Movie,286.53,Income,,286.53,INR,286.53
06/21/2022 00:00,HDFC - savings,Other,,Snacks,5765.61,Expense,,5765.61,INR,5765.61
07/16/2022 00:00,CUB - online payment,Shopping,,Snacks,9258.76,Income,,9258.76,INR,9258.76
05/13/2022 00:00,SBI - credit card,Shopping,,Dinner,4066.85,Income,,4066.85,INR,4066.85
06/13/2022 00:00,HDFC - savings,Bills,,Groceries,2462.67,Income,,2462.67,INR,2462.67
08/23/2022 00:00,HDFC - savings,Bills,,Metro,6094.01,Income,,6094.01,INR,6094.01
01/16/2022 00:00,HDFC - savings,Bills,,Snacks,7265.06,Expense,,7265.06,INR,7265.06
06/25/2022 00:00,HDFC - savings,Shopping,,Groceries,2076.43,Income,,2076.43,INR,2076.43
10/22/2022 00:00,SBI - credit card,Transportation,,Movie,471.23,Expense,,471.23,INR,471.23
09/21/2022 00:00,SBI - credit card,Other,,Movie,437.71,Income,,437.71,INR,437.71
05/29/2022 00:00,HDFC - savings,Entertainment,,Snacks,822.79,Expense,,822.79,INR,822.79
12/28/2022 00:00,CUB - online payment,Entertainment,,Electricity,9680.22,Income,,9680.22,INR,9680.22
10/25/2022 00:00,CUB - online payment,Transportation,,Electricity,9001.33,Expense,,9001.33,INR,9001.33
10/12/2022 00:00,CUB - online payment,Bills,,Snacks,5952.71,Expense,,5952.71,INR,5952.71
08/25/2022 00:00,SBI - credit card,Other,,Snacks,6442.62,Income,,6442.62,INR,6442.62
10/20/2022 00:00,CUB - online payment,Food,,Groceries,6377.51,Income,,6377.51,INR,6377.51
12/24/2022 00:00,SBI - credit card,Shopping,,Metro,3588.22,Income,,3588.22,INR,3588.22
01/18/2022 00:00,SBI - credit card,Other,,Metro,775.77,Income,,775.77,INR,775.77
06/22/2022 00:00,HDFC - savings,Other,,Snacks,1656.43,Income,,1656.43,INR,1656.43
04/26/2022 00:00,CUB - online payment,Other,,Groceries,7524.57,Income,,7524.57,INR,7524.57
12/30/2022 00:00,CUB - online payment,Entertainment,,Electricity,8202.3,Expense,,8202.3,INR,8202.3
08/31/2022 00:00,HDFC - savings,Food,,Electricity,6823.28,Income,,6823.28,INR,6823.28
09/29/2022 00:00,CUB - online payment,Shopping,,Electricity,5847.77,Income,,5847.77,INR,5847.77
02/23/2022 00:00,SBI - credit card,Transportation,,Metro,2388.72,Expense,,2388.72,INR,2388.72
10/03/2022 00:00,HDFC - savings,Food,,Snacks,4102.06,Expense,,4102.06,INR,4102.06
08/06/2022 00:00,CUB - online payment,Entertainment,,Metro,106.32,Income,,106.32,INR,106.32
12/30/2022 00:00,SBI - credit card,Other,,Groceries,3731.18,Expense,,3731.18,INR,3731.18
09/27/2022 00:00,HDFC - savings,Transportation,,Snacks,2091.11,Income,,2091.11,INR,2091.11
04/01/2022 00:00,CUB - online payment,Shopping,,Metro,9453.38,Expense,,9453.38,INR,9453.38
03/28/2022 00:00,HDFC - savings,Entertainment,,Groceries,1791.31,Expense,,1791.31,INR,1791.31
12/16/2022 00:00,CUB - online payment,Other,,Movie,9372.36,Income,,9372.36,INR,9372.36
03/20/2022 00:00,SBI - credit card,Food,,Electricity,1746.12,Income,,1746.12,INR,1746.12
07/01/2022 00:00,CUB - online payment,Bills,,Movie,5129.86,Income,,5129.86,INR,5129.86
10/11/2022 00:00,HDFC - savings,Shopping,,Metro,7870.23,Income,,7870.23,INR,7870.23
12/15/2022 00:00,SBI - credit card,Shopping,,Electricity,9579.52,Income,,9579.52,INR,9579.52
06/22/2022 00:00,SBI - credit card,Food,,Groceries,9159.1,Income,,9159.1,INR,9159.1
05/28/2022 00:00,SBI - credit card,Transportation,,Dinner,940.2,Expense,,940.2,INR,940.2
09/08/2022 00:00,CUB - online payment,Food,,Movie,1246.26,Expense,,1246.26,INR,1246.26
01/04/2022 00:00,SBI - credit card,Bills,,Groceries,748.78,Income,,748.78,INR,748.78
11/06/2022 00:00,SBI - credit card,Transportation,,Groceries,6597.35,Income,,6597.35,INR,6597.35
07/10/2022 00:00,HDFC - savings,Transportation,,Snacks,9894.93,Expense,,9894.93,INR,9894.93
03/22/2022 00:00,SBI - credit card,Shopping,,Groceries,9566.99,Expense,,9566.99,INR,9566.99
04/24/2022 00:00,HDFC - savings,Entertainment,,Snacks,3727.99,Expense,,3727.99,INR,3727.99
10/07/2022 00:00,HDFC - savings,Other,,Snacks,7821.49,Expense,,7821.49,INR,7821.49
05/31/2022 00:00,CUB - online payment,Transportation,,Metro,7625.21,Expense,,7625.21,INR,7625.21
01/28/2022 00:00,SBI - credit card,Other,,Groceries,1924.18,Income,,1924.18,INR,1924.18
05/09/2022 00:00,CUB - online payment,Shopping,,Metro,9008.46,Expense,,9008.46,INR,9008.46
08/12/2022 00:00,SBI - credit card,Shopping,,Snacks,2810.12,Expense,,2810.12,INR,2810.12
03/31/2022 00:00,HDFC - savings,Entertainment,,Metro,3784.21,Income,,3784.21,INR,3784.21
09/03/2022 00:00,HDFC - savings,Other,,Snacks,4726.8,Expense,,4726.8,INR,4726.8
10/07/2022 00:00,SBI - credit card,Bills,,Metro,4078.86,Expense,,4078.86,INR,4078.86
11/17/2022 00:00,HDFC - savings,Transportation,,Snacks,8712.41,Income,,8712.41,INR,8712.41
04/01/2022 00:00,SBI - credit card,Bills,,Electricity,6544.15,Income,,6544.15,INR,6544.15
11/06/2022 00:00,HDFC - savings,Transportation,,Dinner,8145.22,Expense,,8145.22,INR,8145.22
06/22/2022 00:00,SBI - credit card,Entertainment,,Movie,5779.05,Income,,5779.05,INR,5779.05
11/14/2022 00:00,SBI - credit card,Entertainment,,Metro,6783.23,Expense,,6783.23,INR,6783.23
12/13/2022 00:00,HDFC - savings,Entertainment,,Groceries,2409.74,Expense,,2409.74,INR,2409.74
12/16/2022 00:00,SBI - credit card,Transportation,,Snacks,9249.69,Income,,9249.69,INR,9249.69
11/23/2022 00:00,HDFC - savings,Bills,,Metro,5378.61,Expense,,5378.61,INR,5378.61
08/23/2022 00:00,HDFC - savings,Other,,Groceries,7513.4,Expense,,7513.4,INR,7513.4
12/01/2022 00:00,SBI - credit card,Food,,Dinner,2024.69,Income,,2024.69,INR,2024.69
05/14/2022 00:00,SBI - credit card,Entertainment,,Electricity,8572.6,Income,,8572.6,INR,8572.6
03/15/2022 00:00,HDFC - savings,Bills,,Dinner,6469.36,Income,,6469.36,INR,6469.36
09/08/2022 00:00,CUB - online payment,Other,,Dinner,7635.68,Expense,,7635.68,INR,7635.68
02/14/2022 00:00,CUB - online payment,Bills,,Electricity,3136.43,Expense,,3136.43,INR,3136.43
04/01/2022 00:00,HDFC - savings,Bills,,Movie,494.21,Income,,494.21,INR,494.21
04/08/2022 00:00,SBI - credit card,Shopping,,Dinner,2664.69,Expense,,2664.69,INR,2664.69
06/17/2022 00:00,CUB - online payment,Bills,,Snacks,5685.62,Income,,5685.62,INR,5685.62
01/08/2022 00:00,CUB - online payment,Food,,Dinner,6538.13,Expense,,6538.13,INR,6538.13
08/07/2022 00:00,SBI - credit card,Shopping,,Dinner,7337.17,Expense,,7337.17,INR,7337.17
01/02/2022 00:00,HDFC - savings,Shopping,,Snacks,7786.59,Expense,,7786.59,INR,7786.59
01/02/2022 00:00,CUB - online payment,Bills,,Movie,304.85,Expense,,304.85,INR,304.85
06/09/2022 00:00,SBI - credit card,Shopping,,Snacks,3662.27,Income,,3662.27,INR,3662.27
09/24/2022 00:00,CUB - online payment,Other,,Dinner,5992.67,Expense,,5992.67,INR,5992.67
01/21/2022 00:00,CUB - online payment,Food,,Metro,4060.17,Expense,,4060.17,INR,4060.17
01/08/2022 00:00,SBI - credit card,Shopping,,Snacks,3703.47,Income,,3703.47,INR,3703.47
12/11/2022 00:00,CUB - online payment,Transportation,,Movie,8700.0,Expense,,8700.0,INR,8700.0
05/05/2022 00:00,SBI - credit card,Entertainment,,Movie,2594.33,Income,,2594.33,INR,2594.33
10/25/2022 00:00,HDFC - savings,Shopping,,Dinner,6697.96,Expense,,6697.96,INR,6697.96
01/07/2022 00:00,CUB - online payment,Entertainment,,Movie,4990.1,Income,,4990.1,INR,4990.1
07/23/2022 00:00,SBI - credit card,Shopping,,Groceries,5539.07,Income,,5539.07,INR,5539.07
08/17/2022 00:00,CUB - online payment,Transportation,,Movie,3878.18,Expense,,3878.18,INR,3878.18
04/27/2022 00:00,HDFC - savings,Transportation,,Groceries,7489.53,Expense,,7489.53,INR,7489.53
03/05/2022 00:00,HDFC - savings,Bills,,Snacks,9333.87,Income,,9333.87,INR,9333.87
11/26/2022 00:00,SBI - credit card,Entertainment,,Snacks,2660.18,Income,,2660.18,INR,2660.18
12/16/2022 00:00,HDFC - savings,Shopping,,Movie,8981.84,Income,,8981.84,INR,8981.84
02/08/2022 00:00,CUB - online payment,Transportation,,Electricity,3689.76,Expense,,3689.76,INR,3689.76
10/18/2022 00:00,HDFC - savings,Bills,,Electricity,2838.1,Income,,2838.1,INR,2838.1
05/06/2022 00:00,CUB - online payment,Food,,Snacks,1827.01,Expense,,1827.01,INR,1827.01
10/17/2022 00:00,CUB - online payment,Shopping,,Groceries,7122.9,Expense,,7122.9,INR,7122.9
02/24/2022 00:00,HDFC - savings,Transportation,,Movie,3493.4,Income,,3493.4,INR,3493.4
12/06/2022 00:00,CUB - online payment,Bills,,Electricity,3989.5,Expense,,3989.5,INR,3989.5
05/24/2022 00:00,SBI - credit card,Shopping,,Electricity,4950.26,Expense,,4950.26,INR,4950.26
03/31/2022 00:00,CUB - online payment,Food,,Dinner,6075.3,Expense,,6075.3,INR,6075.3
06/19/2022 00:00,SBI - credit card,Other,,Dinner,8373.58,Income,,8373.58,INR,8373.58
03/07/2022 00:00,SBI - credit card,Entertainment,,Metro,5279.95,Expense,,5279.95,INR,5279.95
01/15/2022 00:00,SBI - credit card,Transportation,,Movie,2274.56,Expense,,2274.56,INR,2274.56
04/12/2022 00:00,SBI - credit card,Entertainment,,Groceries,7020.95,Expense,,7020.95,INR,7020.95
11/03/2022 00:00,HDFC - savings,Bills,,Groceries,7559.65,Income,,7559.65,INR,7559.65
09/14/2022 00:00,CUB - online payment,Transportation,,Electricity,3935.76,Income,,3935.76,INR,3935.76
01/07/2022 00:00,HDFC - savings,Shopping,,Electricity,8835.45,Expense,,8835.45,INR,8835.45
08/29/2022 00:00,SBI - credit card,Transportation,,Groceries,9628.0,Expense,,9628.0,INR,9628.0
07/06/2022 00:00,HDFC - savings,Transportation,,Metro,620.9,Expense,,620.9,INR,620.9
09/28/2022 00:00,HDFC - savings,Other,,Metro,6756.83,Income,,6756.83,INR,6756.83
08/13/2022 00:00,HDFC - savings,Food,,Movie,4721.58,Expense,,4721.58,INR,4721.58
08/22/2022 00:00,SBI - credit card,Transportation,,Metro,8583.37,Expense,,8583.37,INR,8583.37
05/06/2022 00:00,SBI - credit card,Entertainment,,Dinner,5170.48,Income,,5170.48,INR,5170.48
02/18/2022 00:00,HDFC - savings,Food,,Electricity,871.83,Expense,,871.83,INR,871.83
04/15/2022 00:00,HDFC - savings,Shopping,,Dinner,5025.71,Expense,,5025.71,INR,5025.71
12/14/2022 00:00,CUB - online payment,Shopping,,Snacks,3941.82,Income,,3941.82,INR,3941.82
09/30/2022 00:00,CUB - online payment,Other,,Electricity,9873.23,Income,,9873.23,INR,9873.23
01/30/2022 00:00,CUB - online payment,Food,,Metro,6136.5,Income,,6136.5,INR,6136.5
11/16/2022 00:00,HDFC - savings,Food,,Metro,4739.23,Expense,,4739.23,INR,4739.23
05/20/2022 00:00,HDFC - savings,Transportation,,Dinner,5204.91,Expense,,5204.91,INR,5204.91
10/27/2022 00:00,CUB - online payment,Other,,Movie,9140.67,Income,,9140.67,INR,9140.67
08/30/2022 00:00,HDFC - savings,Transportation,,Groceries,2378.86,Expense,,2378.86,INR,2378.86
03/03/2022 00:00,CUB - online payment,Food,,Snacks,330.58,Income,,330.58,INR,330.58
06/17/2022 00:00,HDFC - savings,Transportation,,Groceries,6537.34,Expense,,6537.34,INR,6537.34
11/19/2022 00:00,SBI - credit card,Other,,Movie,4409.9,Income,,4409.9,INR,4409.9
06/01/2022 00:00,SBI - credit card,Entertainment,,Movie,6990.49,Expense,,6990.49,INR,6990.49
04/04/2022 00:00,HDFC - savings,Entertainment,,Electricity,3731.72,Income,,3731.72,INR,3731.72
12/05/2022 00:00,SBI - credit card,Bills,,Electricity,6144.54,Expense,,6144.54,INR,6144.54
04/17/2022 00:00,CUB - online payment,Food,,Groceries,3379.28,Expense,,3379.28,INR,3379.28
01/25/2022 00:00,SBI - credit card,Entertainment,,Groceries,4050.15,Expense,,4050.15,INR,4050.15
04/06/2022 00:00,CUB - online payment,Food,,Metro,2973.54,Expense,,2973.54,INR,2973.54
01/05/2022 00:00,SBI - credit card,Food,,Snacks,1676.04,Expense,,1676.04,INR,1676.04
02/22/2022 00:00,HDFC - savings,Other,,Metro,976.18,Expense,,976.18,INR,976.18
04/05/2022 00:00,HDFC - savings,Food,,Groceries,2879.45,Expense,,2879.45,INR,2879.45
04/21/2022 00:00,SBI - credit card,Entertainment,,Groceries,4321.59,Expense,,4321.59,INR,4321.59
10/28/2022 00:00,SBI - credit card,Entertainment,,Movie,7315.88,Income,,7315.88,INR,7315.88
04/17/2022 00:00,HDFC - savings,Bills,,Movie,8638.33,Income,,8638.33,INR,8638.33
08/08/2022 00:00,SBI - credit card,Other,,Electricity,6573.79,Income,,6573.79,INR,6573.79
04/25/2022 00:00,HDFC - savings,Bills,,Movie,474.1,Income,,474.1,INR,474.1
11/13/2022 00:00,CUB - online payment,Food,,Metro,7172.18,Expense,,7172.18,INR,7172.18
12/24/2022 00:00,SBI - credit card,Entertainment,,Movie,8659.35,Income,,8659.35,INR,8659.35
01/05/2022 00:00,CUB - online payment,Food,,Electricity,2037.13,Expense,,2037.13,INR,2037.13
01/27/2022 00:00,HDFC - savings,Food,,Movie,7923.31,Expense,,7923.31,INR,7923.31
03/10/2022 00:00,HDFC - savings,Entertainment,,Movie,1850.38,Expense,,1850.38,INR,1850.38
09/06/2022 00:00,SBI - credit card,Bills,,Electricity,1266.02,Income,,1266.02,INR,1266.02
01/13/2022 00:00,HDFC - savings,Food,,Movie,1715.35,Expense,,1715.35,INR,1715.35
12/29/2022 00:00,SBI - credit card,Entertainment,,Movie,2198.46,Expense,,2198.46,INR,2198.46
11/24/2022 00:00,CUB - online payment,Transportation,,Movie,4846.5,Expense,,4846.5,INR,4846.5
04/01/2022 00:00,CUB - online payment,Transportation,,Electricity,1977.64,Income,,1977.64,INR,1977.64
02/04/2022 00:00,HDFC - savings,Entertainment,,Dinner,7878.22,Income,,7878.22,INR,7878.22
09/01/2022 00:00,HDFC - savings,Bills,,Movie,491.13,Expense,,491.13,INR,491.13
07/17/2022 00:00,SBI - credit card,Shopping,,Electricity,509.16,Income,,509.16,INR,509.16
05/05/2022 00:00,HDFC - savings,Shopping,,Metro,7744.95,Expense,,7744.95,INR,7744.95
06/05/2022 00:00,SBI - credit card,Entertainment,,Groceries,6993.01,Income,,6993.01,INR,6993.01
01/25/2022 00:00,HDFC - savings,Other,,Dinner,7798.53,Expense,,7798.53,INR,7798.53
06/23/2022 00:00,HDFC - savings,Entertainment,,Movie,7007.29,Income,,7007.29,INR,7007.29
01/02/2022 00:00,HDFC - savings,Food,,Metro,9172.25,Expense,,9172.25,INR,9172.25
09/17/2022 00:00,HDFC - savings,Shopping,,Snacks,2132.08,Income,,2132.08,INR,2132.08
04/03/2022 00:00,HDFC - savings,Bills,,Metro,1231.14,Expense,,1231.14,INR,1231.14
03/19/2022 00:00,SBI - credit card,Food,,Metro,15.54,Expense,,15.54,INR,15.54
11/08/2022 00:00,HDFC - savings,Entertainment,,Snacks,7247.65,Income,,7247.65,INR,7247.65
02/01/2022 00:00,CUB - online payment,Transportation,,Dinner,8260.64,Expense,,8260.64,INR,8260.64
02/04/2022 00:00,SBI - credit card,Transportation,,Groceries,8364.82,Income,,8364.82,INR,8364.82
05/19/2022 00:00,HDFC - savings,Other,,Movie,1522.11,Expense,,1522.11,INR,1522.11
02/20/2022 00:00,HDFC - savings,Shopping,,Metro,3555.32,Expense,,3555.32,INR,3555.32
11/30/2022 00:00,SBI - credit card,Bills,,Groceries,5970.6,Income,,5970.6,INR,5970.6
09/06/2022 00:00,HDFC - savings,Food,,Groceries,4884.85,Income,,4884.85,INR,4884.85
05/15/2022 00:00,CUB - online payment,Transportation,,Movie,1465.51,Expense,,1465.51,INR,1465.51
10/12/2022 00:00,HDFC - savings,Bills,,Dinner,2313.48,Expense,,2313.48,INR,2313.48
06/25/2022 00:00,HDFC - savings,Food,,Snacks,2332.25,Expense,,2332.25,INR,2332.25
04/18/2022 00:00,SBI - credit card,Bills,,Dinner,9950.33,Income,,9950.33,INR,9950.33
08/26/2022 00:00,SBI - credit card,Other,,Movie,2409.58,Income,,2409.58,INR,2409.58
03/02/2022 00:00,CUB - online payment,Bills,,Movie,4992.27,Income,,4992.27,INR,4992.27
07/01/2022 00:00,SBI - credit card,Food,,Groceries,7819.13,Income,,7819.13,INR,7819.13
06/01/2022 00:00,HDFC - savings,Bills,,Dinner,90.68,Income,,90.68,INR,90.68
03/28/2022 00:00,HDFC - savings,Entertainment,,Groceries,9668.87,Income,,9668.87,INR,9668.87
03/24/2022 00:00,HDFC - savings,Transportation,,Snacks,6665.32,Income,,6665.32,INR,6665.32
07/21/2022 00:00,HDFC - savings,Bills,,Electricity,4784.52,Income,,4784.52,INR,4784.52
08/22/2022 00:00,HDFC - savings,Other,,Snacks,4726.11,Income,,4726.11,INR,4726.11
08/06/2022 00:00,SBI - credit card,Shopping,,Metro,344.97,Expense,,344.97,INR,344.97
01/10/2022 00:00,CUB - online payment,Shopping,,Electricity,1695.5,Expense,,1695.5,INR,1695.5
09/02/2022 00:00,HDFC - savings,Entertainment,,Dinner,6262.89,Expense,,6262.89,INR,6262.89
07/10/2022 00:00,SBI - credit card,Entertainment,,Dinner,3622.24,Income,,3622.24,INR,3622.24
07/31/2022 00:00,HDFC - savings,Bills,,Metro,8198.13,Expense,,8198.13,INR,8198.13
11/09/2022 00:00,CUB - online payment,Food,,Metro,8337.15,Expense,,8337.15,INR,8337.15
10/11/2022 00:00,HDFC - savings,Transportation,,Dinner,903.46,Income,,903.46,INR,903.46
08/08/2022 00:00,CUB - online payment,Entertainment,,Electricity,158.26,Expense,,158.26,INR,158.26
12/25/2022 00:00,CUB - online payment,Food,,Metro,8028.25,Expense,,8028.25,INR,8028.25
08/03/2022 00:00,CUB - online payment,Food,,Groceries,101.37,Income,,101.37,INR,101.37
01/31/2022 00:00,CUB - online payment,Food,,Groceries,7642.24,Income,,7642.24,INR,7642.24
03/25/2022 00:00,CUB - online payment,Shopping,,Metro,6491.7,Expense,,6491.7,INR,6491.7
01/03/2022 00:00,HDFC - savings,Food,,Groceries,233.88,Income,,233.88,INR,233.88
07/16/2022 00:00,HDFC - savings,Food,,Metro,2764.54,Expense,,2764.54,INR,2764.54
09/27/2022 00:00,CUB - online payment,Entertainment,,Groceries,7057.19,Income,,7057.19,INR,7057.19
01/21/2022 00:00,SBI - credit card,Other,,Dinner,4698.11,Expense,,4698.11,INR,4698.11
03/23/2022 00:00,CUB - online payment,Shopping,,Movie,5290.11,Expense,,5290.11,INR,5290.11
10/10/2022 00:00,SBI - credit card,Other,,Groceries,8762.13,Income,,8762.13,INR,8762.13
12/09/2022 00:00,HDFC - savings,Bills,,Snacks,6729.94,Income,,6729.94,INR,6729.94
08/09/2022 00:00,HDFC - savings,Transportation,,Groceries,4707.32,Income,,4707.32,INR,4707.32
12/06/2022 00:00,HDFC - savings,Shopping,,Movie,4176.93,Income,,4176.93,INR,4176.93
09/29/2022 00:00,HDFC - savings,Entertainment,,Metro,1155.01,Expense,,1155.01,INR,1155.01
12/28/2022 00:00,CUB - online payment,Food,,Dinner,7960.62,Expense,,7960.62,INR,7960.62
03/20/2022 00:00,HDFC - savings,Entertainment,,Dinner,2409.13,Expense,,2409.13,INR,2409.13
06/23/2022 00:00,SBI - credit card,Other,,Metro,999.28,Expense,,999.28,INR,999.28
10/10/2022 00:00,CUB - online payment,Transportation,,Movie,9235.76,Income,,9235.76,INR,9235.76
07/30/2022 00:00,CUB - online payment,Bills,,Groceries,4979.46,Expense,,4979.46,INR,4979.46
07/02/2022 00:00,HDFC - savings,Entertainment,,Dinner,8800.2,Expense,,8800.2,INR,8800.2
07/10/2022 00:00,CUB - online payment,Shopping,,Groceries,8087.19,Expense,,8087.19,INR,8087.19
03/28/2022 00:00,SBI - credit card,Shopping,,Movie,6158.08,Income,,6158.08,INR,6158.08
09/17/2022 00:00,SBI - credit card,Shopping,,Movie,1512.71,Expense,,1512.71,INR,1512.71
08/12/2022 00:00,SBI - credit card,Shopping,,Groceries,9809.32,Income,,9809.32,INR,9809.32
12/14/2022 00:00,CUB - online payment,Transportation,,Electricity,166.59,Expense,,166.59,INR,166.59
01/01/2023 00:00,CUB - online payment,Food,,Dinner,4112.52,Expense,,4112.52,INR,4112.52
08/25/2022 00:00,HDFC - savings,Entertainment,,Movie,2513.17,Income,,2513.17,INR,2513.17
06/17/2022 00:00,HDFC - savings,Other,,Movie,1185.55,Expense,,1185.55,INR,1185.55
08/25/2022 00:00,SBI - credit card,Shopping,,Movie,5287.67,Income,,5287.67,INR,5287.67
02/02/2022 00:00,SBI - credit card,Bills,,Movie,6409.31,Expense,,6409.31,INR,6409.31
12/11/2022 00:00,HDFC - savings,Shopping,,Dinner,7377.33,Income,,7377.33,INR,7377.33
05/04/2022 00:00,HDFC - savings,Bills,,Electricity,8040.23,Income,,8040.23,INR,8040.23
11/14/2022 00:00,SBI - credit card,Shopping,,Metro,1810.58,Income,,1810.58,INR,1810.58
01/03/2022 00:00,HDFC - savings,Transportation,,Groceries,8965.55,Expense,,8965.55,INR,8965.55
10/08/2022 00:00,SBI - credit card,Transportation,,Groceries,3274.86,Expense,,3274.86,INR,3274.86
08/16/2022 00:00,SBI - credit card,Entertainment,,Snacks,4972.23,Expense,,4972.23,INR,4972.23
09/27/2022 00:00,CUB - online payment,Other,,Movie,2122.92,Income,,2122.92,INR,2122.92
11/18/2022 00:00,SBI - credit card,Transportation,,Dinner,669.64,Income,,669.64,INR,669.64
01/13/2022 00:00,HDFC - savings,Transportation,,Groceries,1454.41,Expense,,1454.41,INR,1454.41
12/21/2022 00:00,CUB - online payment,Other,,Movie,7746.06,Expense,,7746.06,INR,7746.06
10/03/2022 00:00,SBI - credit card,Entertainment,,Dinner,9390.14,Expense,,9390.14,INR,9390.14
03/25/2022 00:00,HDFC - savings,Other,,Dinner,8954.48,Income,,8954.48,INR,8954.48
08/20/2022 00:00,CUB - online payment,Transportation,,Electricity,2808.44,Income,,2808.44,INR,2808.44
09/11/2022 00:00,SBI - credit card,Bills,,Snacks,5264.27,Income,,5264.27,INR,5264.27
11/23/2022 00:00,CUB - online payment,Entertainment,,Snacks,4073.12,Expense,,4073.12,INR,4073.12
02/25/2022 00:00,CUB - online payment,Food,,Metro,986.11,Expense,,986.11,INR,986.11
12/05/2022 00:00,HDFC - savings,Shopping,,Dinner,8346.45,Expense,,8346.45,INR,8346.45
01/03/2022 00:00,HDFC - savings,Other,,Dinner,4681.7,Expense,,4681.7,INR,4681.7
03/29/2022 00:00,HDFC - savings,Food,,Groceries,9827.43,Expense,,9827.43,INR,9827.43
01/24/2022 00:00,CUB - online payment,Entertainment,,Metro,3717.1,Income,,3717.1,INR,3717.1
07/19/2022 00:00,HDFC - savings,Other,,Metro,816.35,Income,,816.35,INR,816.35
11/23/2022 00:00,HDFC - savings,Food,,Movie,5670.0,Income,,5670.0,INR,5670.0
05/18/2022 00:00,CUB - online payment,Bills,,Movie,3804.4,Income,,3804.4,INR,3804.4
02/09/2022 00:00,CUB - online payment,Food,,Metro,9178.98,Income,,9178.98,INR,9178.98
06/25/2022 00:00,SBI - credit card,Shopping,,Groceries,8619.17,Expense,,8619.17,INR,8619.17
05/30/2022 00:00,SBI - credit card,Food,,Electricity,5389.05,Expense,,5389.05,INR,5389.05
10/28/2022 00:00,HDFC - savings,Bills,,Metro,1794.34,Income,,1794.34,INR,1794.34
05/14/2022 00:00,CUB - online payment,Entertainment,,Dinner,2087.39,Expense,,2087.39,INR,2087.39
04/13/2022 00:00,SBI - credit card,Entertainment,,Dinner,6031.2,Expense,,6031.2,INR,6031.2
10/25/2022 00:00,CUB - online payment,Other,,Metro,4981.21,Expense,,4981.21,INR,4981.21
07/28/2022 00:00,HDFC - savings,Other,,Groceries,7805.96,Expense,,7805.96,INR,7805.96
05/18/2022 00:00,SBI - credit card,Other,,Metro,2570.8,Income,,2570.8,INR,2570.8
09/23/2022 00:00,HDFC - savings,Transportation,,Dinner,3410.36,Income,,3410.36,INR,3410.36
09/09/2022 00:00,HDFC - savings,Shopping,,Groceries,8883.73,Expense,,8883.73,INR,8883.73
07/25/2022 00:00,SBI - credit card,Bills,,Dinner,7718.0,Expense,,7718.0,INR,7718.0
07/30/2022 00:00,CUB - online payment,Bills,,Dinner,488.72,Income,,488.72,INR,488.72
01/21/2022 00:00,SBI - credit card,Bills,,Metro,6933.74,Income,,6933.74,INR,6933.74
01/17/2022 00:00,SBI - credit card,Shopping,,Movie,273.78,Expense,,273.78,INR,273.78
03/09/2022 00:00,CUB - online payment,Food,,Electricity,8032.5,Expense,,8032.5,INR,8032.5
04/28/2022 00:00,HDFC - savings,Other,,Snacks,3188.01,Income,,3188.01,INR,3188.01
10/09/2022 00:00,CUB - online payment,Shopping,,Groceries,5214.28,Expense,,5214.28,INR,5214.28
08/30/2022 00:00,HDFC - savings,Transportation,,Movie,4685.28,Expense,,4685.28,INR,4685.28
05/04/2022 00:00,HDFC - savings,Bills,,Metro,6292.11,Income,,6292.11,INR,6292.11
10/09/2022 00:00,HDFC - savings,Transportation,,Movie,5130.45,Expense,,5130.45,INR,5130.45
12/03/2022 00:00,SBI - credit card,Transportation,,Electricity,9811.93,Expense,,9811.93,INR,9811.93
07/24/2022 00:00,CUB - online payment,Other,,Dinner,2746.4,Income,,2746.4,INR,2746.4
10/02/2022 00:00,HDFC - savings,Food,,Metro,8546.34,Expense,,8546.34,INR,8546.34
03/15/2022 00:00,HDFC - savings,Bills,,Groceries,2256.1,Expense,,2256.1,INR,2256.1
12/03/2022 00:00,CUB - online payment,Bills,,Snacks,3196.1,Expense,,3196.1,INR,3196.1
01/20/2022 00:00,HDFC - savings,Other,,Movie,3297.16,Income,,3297.16,INR,3297.16
02/17/2022 00:00,CUB - online payment,Other,,Electricity,6620.95,Income,,6620.95,INR,6620.95
09/29/2022 00:00,HDFC - savings,Transportation,,Snacks,7176.97,Income,,7176.97,INR,7176.97
01/02/2022 00:00,CUB - online payment,Other,,Groceries,2766.79,Expense,,2766.79,INR,2766.79
08/25/2022 00:00,CUB - online payment,Other,,Metro,4633.66,Expense,,4633.66,INR,4633.66
04/11/2022 00:00,HDFC - savings,Transportation,,Movie,1151.18,Expense,,1151.18,INR,1151.18
10/17/2022 00:00,CUB - online payment,Entertainment,,Groceries,4607.4,Expense,,4607.4,INR,4607.4
07/02/2022 00:00,CUB - online payment,Other,,Groceries,9553.14,Income,,9553.14,INR,9553.14
03/07/2022 00:00,CUB - online payment,Bills,,Snacks,9525.58,Expense,,9525.58,INR,9525.58
07/09/2022 00:00,CUB - online payment,Shopping,,Movie,330.61,Income,,330.61,INR,330.61
01/22/2022 00:00,HDFC - savings,Shopping,,Dinner,7261.81,Income,,7261.81,INR,7261.81
12/25/2022 00:00,CUB - online payment,Food,,Electricity,5740.58,Expense,,5740.58,INR,5740.58
12/07/2022 00:00,CUB - online payment,Food,,Metro,6344.83,Expense,,6344.83,INR,6344.83
12/21/2022 00:00,HDFC - savings,Food,,Groceries,3979.41,Income,,3979.41,INR,3979.41
04/09/2022 00:00,CUB - online payment,Bills,,Movie,5962.12,Income,,5962.12,INR,5962.12
10/30/2022 00:00,SBI - credit card,Food,,Movie,91.78,Expense,,91.78,INR,91.78
11/09/2022 00:00,CUB - online payment,Transportation,,Dinner,5301.39,Expense,,5301.39,INR,5301.39
09/17/2022 00:00,HDFC - savings,Entertainment,,Dinner,419.24,Expense,,419.24,INR,419.24
07/16/2022 00:00,CUB - online payment,Other,,Snacks,8899.71,Expense,,8899.71,INR,8899.71
02/08/2022 00:00,HDFC - savings,Entertainment,,Movie,1448.08,Expense,,1448.08,INR,1448.08
04/10/2022 00:00,HDFC - savings,Food,,Electricity,2863.35,Income,,2863.35,INR,2863.35
10/04/2022 00:00,SBI - credit card,Entertainment,,Snacks,9292.64,Income,,9292.64,INR,9292.64
01/11/2022 00:00,HDFC - savings,Entertainment,,Movie,6154.38,Expense,,6154.38,INR,6154.38
03/02/2022 00:00,CUB - online payment,Entertainment,,Movie,2409.45,Income,,2409.45,INR,2409.45
10/31/2022 00:00,HDFC - savings,Transportation,,Dinner,8380.93,Income,,8380.93,INR,8380.93
10/16/2022 00:00,HDFC - savings,Transportation,,Dinner,8468.35,Income,,8468.35,INR,8468.35
11/18/2022 00:00,SBI - credit card,Bills,,Snacks,8793.05,Income,,8793.05,INR,8793.05
07/09/2022 00:00,HDFC - savings,Shopping,,Groceries,3894.42,Expense,,3894.42,INR,3894.42
09/07/2022 00:00,HDFC - savings,Other,,Metro,3986.06,Income,,3986.06,INR,3986.06
04/02/2022 00:00,CUB - online payment,Shopping,,Dinner,4925.36,Expense,,4925.36,INR,4925.36
01/02/2022 00:00,SBI - credit card,Entertainment,,Groceries,3824.64,Income,,3824.64,INR,3824.64
06/20/2022 00:00,CUB - online payment,Entertainment,,Metro,5435.31,Expense,,5435.31,INR,5435.31
10/17/2022 00:00,HDFC - savings,Bills,,Groceries,429.57,Expense,,429.57,INR,429.57
06/27/2022 00:00,HDFC - savings,Entertainment,,Groceries,6137.08,Expense,,6137.08,INR,6137.08
09/25/2022 00:00,SBI - credit card,Shopping,,Metro,3517.5,Income,,3517.5,INR,3517.5
02/13/2022 00:00,HDFC - savings,Bills,,Electricity,5029.51,Income,,5029.51,INR,5029.51
05/27/2022 00:00,SBI - credit card,Food,,Metro,4119.61,Expense,,4119.61,INR,4119.61
03/18/2022 00:00,CUB - online payment,Transportation,,Snacks,5282.35,Expense,,5282.35,INR,5282.35
05/06/2022 00:00,CUB - online payment,Transportation,,Metro,5154.2,Expense,,5154.2,INR,5154.2
11/09/2022 00:00,HDFC - savings,Shopping,,Movie,9964.24,Expense,,9964.24,INR,9964.24
02/01/2022 00:00,HDFC - savings,Bills,,Snacks,8409.11,Expense,,8409.11,INR,8409.11
06/20/2022 00:00,SBI - credit card,Bills,,Electricity,9926.92,Expense,,9926.92,INR,9926.92
11/13/2022 00:00,SBI - credit card,Entertainment,,Electricity,1763.41,Income,,1763.41,INR,1763.41
08/06/2022 00:00,SBI - credit card,Entertainment,,Electricity,5849.75,Expense,,5849.75,INR,5849.75
06/16/2022 00:00,SBI - credit card,Entertainment,,Groceries,3114.24,Income,,3114.24,INR,3114.24
11/22/2022 00:00,HDFC - savings,Bills,,Groceries,7077.71,Expense,,7077.71,INR,7077.71
12/27/2022 00:00,SBI - credit card,Transportation,,Electricity,3640.34,Income,,3640.34,INR,3640.34
03/31/2022 00:00,CUB - online payment,Other,,Metro,692.83,Expense,,692.83,INR,692.83
01/15/2022 00:00,SBI - credit card,Food,,Electricity,3968.1,Income,,3968.1,INR,3968.1
07/18/2022 00:00,HDFC - savings,Entertainment,,Dinner,6950.64,Expense,,6950.64,INR,6950.64
10/27/2022 00:00,CUB - online payment,Bills,,Dinner,9420.12,Income,,9420.12,INR,9420.12
08/29/2022 00:00,HDFC - savings,Food,,Electricity,9047.61,Income,,9047.61,INR,9047.61
09/11/2022 00:00,SBI - credit card,Shopping,,Groceries,5611.74,Expense,,5611.74,INR,5611.74
07/18/2022 00:00,SBI - credit card,Shopping,,Electricity,9232.44,Expense,,9232.44,INR,9232.44
12/08/2022 00:00,SBI - credit card,Food,,Movie,7921.36,Expense,,7921.36,INR,7921.36
11/12/2022 00:00,HDFC - savings,Other,,Snacks,331.91,Income,,331.91,INR,331.91
06/10/2022 00:00,CUB - online payment,Shopping,,Snacks,9079.34,Expense,,9079.34,INR,9079.34
07/20/2022 00:00,HDFC - savings,Food,,Movie,87.21,Expense,,87.21,INR,87.21
05/08/2022 00:00,HDFC - savings,Entertainment,,Movie,7075.4,Expense,,7075.4,INR,7075.4
02/17/2022 00:00,SBI - credit card,Entertainment,,Dinner,6146.29,Expense,,6146.29,INR,6146.29
12/08/2022 00:00,HDFC - savings,Bills,,Snacks,6947.94,Expense,,6947.94,INR,6947.94
02/13/2022 00:00,CUB - online payment,Bills,,Movie,3231.83,Expense,,3231.83,INR,3231.83
10/13/2022 00:00,HDFC - savings,Transportation,,Electricity,5992.52,Income,,5992.52,INR,5992.52
09/30/2022 00:00,HDFC - savings,Entertainment,,Snacks,5865.17,Income,,5865.17,INR,5865.17
01/26/2022 00:00,HDFC - savings,Entertainment,,Electricity,3257.11,Expense,,3257.11,INR,3257.11
09/07/2022 00:00,HDFC - savings,Transportation,,Metro,1801.6,Expense,,1801.6,INR,1801.6
09/19/2022 00:00,HDFC - savings,Transportation,,Movie,1847.44,Expense,,1847.44,INR,1847.44
09/29/2022 00:00,SBI - credit card,Other,,Dinner,3176.34,Expense,,3176.34,INR,3176.34
12/04/2022 00:00,HDFC - savings,Other,,Electricity,407.96,Income,,407.96,INR,407.96
05/08/2022 00:00,SBI - credit card,Food,,Metro,7792.79,Expense,,7792.79,INR,7792.79
06/04/2022 00:00,HDFC - savings,Other,,Snacks,6342.03,Expense,,6342.03,INR,6342.03
05/27/2022 00:00,SBI - credit card,Entertainment,,Groceries,7593.71,Expense,,7593.71,INR,7593.71
06/30/2022 00:00,HDFC - savings,Shopping,,Metro,6362.78,Expense,,6362.78,INR,6362.78
07/10/2022 00:00,CUB - online payment,Food,,Groceries,5648.15,Expense,,5648.15,INR,5648.15
02/09/2022 00:00,CUB - online payment,Other,,Dinner,5406.25,Income,,5406.25,INR,5406.25
05/05/2022 00:00,HDFC - savings,Food,,Groceries,8578.79,Income,,8578.79,INR,8578.79
03/23/2022 00:00,HDFC - savings,Food,,Dinner,3705.65,Income,,3705.65,INR,3705.65
10/24/2022 00:00,SBI - credit card,Transportation,,Movie,2142.27,Expense,,2142.27,INR,2142.27
02/25/2022 00:00,SBI - credit card,Entertainment,,Groceries,6677.77,Income,,6677.77,INR,6677.77
